ID,Attrition,Gender,OverTime,Department,BusinessTravel,MaritalStatus,TotalWorkingYears,MonthlyIncome,YearsAtCompany,YearsInCurrentRole,YearsWithCurrManager,Age,DistanceFromHome,NumCompaniesWorked,MonthlyRate
2345,Yes,Female,Yes,Sales,Travel_Rarely,Single,8,5993,6,4,5,41,1,8,19479
2346,No,Male,No,Research & Development,Travel_Frequently,Married,10,5130,10,7,7,49,8,1,24907
2347,Yes,Male,Yes,Research & Development,Travel_Rarely,Single,7,2090,0,0,0,37,2,6,2396
2348,No,Female,Yes,Research & Development,Travel_Frequently,Married,8,2909,8,7,0,33,3,1,23159
2349,No,Male,No,Research & Development,Travel_Rarely,Married,6,3468,2,2,2,27,2,9,16632
2350,No,Male,No,Research & Development,Travel_Frequently,Single,8,3068,7,7,6,32,2,0,11864
2351,No,Female,Yes,Research & Development,Travel_Rarely,Married,12,2670,1,0,0,59,3,4,9964
2352,No,Male,No,Research & Development,Travel_Rarely,Divorced,1,2693,1,0,0,30,24,1,13335
2353,No,Male,No,Research & Development,Travel_Frequently,Single,10,9526,9,7,8,38,23,0,8787
2354,No,Male,No,Research & Development,Travel_Rarely,Married,17,5237,7,7,7,36,27,6,16577
2355,No,Male,No,Research & Development,Travel_Rarely,Married,6,2426,5,4,3,35,16,0,16479
2356,No,Female,Yes,Research & Development,Travel_Rarely,Single,10,4193,9,5,8,29,15,0,12682
2357,No,Male,No,Research & Development,Travel_Rarely,Divorced,5,2911,5,2,3,31,26,1,15170
2358,No,Male,No,Research & Development,Travel_Rarely,Divorced,3,2661,2,2,2,34,19,0,8758
2359,Yes,Male,Yes,Research & Development,Travel_Rarely,Single,6,2028,4,2,3,28,24,5,12947
2360,No,Female,No,Research & Development,Travel_Rarely,Divorced,10,9980,10,9,8,29,21,1,10195
2361,No,Male,Yes,Research & Development,Travel_Rarely,Divorced,7,3298,6,2,5,32,5,0,15053
2362,No,Male,Yes,Research & Development,Non-Travel,Divorced,1,2935,1,0,0,22,16,1,7324
2363,No,Female,No,Sales,Travel_Rarely,Married,31,15427,25,8,7,53,2,2,22021
2364,No,Male,Yes,Research & Development,Travel_Rarely,Single,6,3944,3,2,2,38,2,5,4306
2365,No,Female,No,Research & Development,Non-Travel,Divorced,5,4011,4,2,3,24,11,0,8232
2366,Yes,Male,No,Sales,Travel_Rarely,Single,10,3407,5,3,3,36,9,7,6986
2367,No,Female,No,Research & Development,Travel_Rarely,Single,13,11994,12,6,11,34,7,0,21293
2368,No,Male,No,Research & Development,Travel_Rarely,Single,0,1232,0,0,0,21,15,1,19281
2369,Yes,Male,No,Research & Development,Travel_Rarely,Single,8,2960,4,2,3,34,6,2,17102
2370,No,Female,No,Research & Development,Travel_Rarely,Divorced,26,19094,14,13,8,53,5,4,10735
2371,Yes,Female,Yes,Research & Development,Travel_Frequently,Single,10,3919,10,2,7,32,16,1,4681
2372,No,Male,No,Sales,Travel_Rarely,Married,10,6825,9,7,2,42,8,0,21173
2373,No,Female,No,Research & Development,Travel_Rarely,Married,24,10248,22,6,17,44,7,3,2094
2374,No,Female,No,Sales,Travel_Rarely,Single,22,18947,2,2,1,46,2,3,22822
2375,No,Male,No,Research & Development,Travel_Rarely,Single,7,2496,1,1,0,33,2,4,6670
2376,No,Male,Yes,Research & Development,Travel_Rarely,Married,9,6465,4,2,3,44,10,2,19121
2377,No,Male,No,Research & Development,Travel_Rarely,Single,10,2206,10,0,8,30,9,1,16117
2378,Yes,Male,No,Sales,Travel_Rarely,Married,19,2086,1,0,0,39,5,3,3335
2379,Yes,Male,Yes,Research & Development,Travel_Rarely,Married,6,2293,2,0,0,24,1,2,3020
2380,No,Female,No,Research & Development,Travel_Rarely,Divorced,6,2645,5,3,4,43,2,1,21923
2381,Yes,Male,Yes,Sales,Travel_Rarely,Married,3,2683,3,2,2,50,3,1,3810
2382,No,Female,No,Sales,Travel_Rarely,Married,2,2014,2,2,2,35,2,1,9687
2383,No,Female,Yes,Research & Development,Travel_Rarely,Married,6,3419,1,1,0,36,5,9,13072
2384,No,Female,No,Sales,Travel_Frequently,Married,10,5376,5,3,3,33,1,2,3193
2385,No,Male,No,Research & Development,Travel_Rarely,Divorced,1,1951,1,0,0,35,4,1,10910
2386,No,Female,No,Research & Development,Travel_Rarely,Divorced,1,2341,1,0,0,27,2,1,19715
2387,Yes,Male,No,Research & Development,Travel_Rarely,Single,1,2293,1,0,1,26,25,1,10558
2388,No,Male,No,Sales,Travel_Frequently,Single,9,8726,9,8,7,27,8,1,2975
2389,No,Female,No,Research & Development,Travel_Frequently,Single,12,4011,12,8,7,30,1,1,10781
2390,Yes,Female,No,Research & Development,Travel_Rarely,Married,23,19545,22,15,8,41,12,1,16280
2391,No,Male,No,Sales,Non-Travel,Single,10,4568,9,5,7,34,23,0,10034
2392,No,Male,No,Research & Development,Travel_Rarely,Married,8,3022,1,0,0,37,19,4,10227
2393,No,Male,Yes,Sales,Travel_Frequently,Single,14,5772,9,6,8,46,5,4,20445
2394,No,Male,No,Research & Development,Travel_Rarely,Married,1,2269,1,0,1,35,8,1,4892
2395,Yes,Male,Yes,Research & Development,Travel_Rarely,Single,23,5381,1,0,0,48,1,9,19294
2396,Yes,Male,Yes,Research & Development,Travel_Rarely,Single,2,3441,2,2,2,28,5,1,11179
2397,No,Female,Yes,Sales,Travel_Rarely,Divorced,9,5454,4,3,3,44,1,5,4009
2398,No,Male,Yes,Research & Development,Non-Travel,Married,10,9884,4,0,3,35,11,2,8302
2399,No,Female,Yes,Sales,Travel_Rarely,Married,5,4157,2,2,0,26,23,7,21436
2400,No,Female,Yes,Research & Development,Travel_Frequently,Single,15,13458,15,14,12,33,1,1,15146
2401,No,Male,No,Sales,Travel_Frequently,Married,9,9069,9,8,8,35,18,1,11031
2402,No,Female,Yes,Research & Development,Travel_Rarely,Married,4,4014,2,2,2,35,23,3,16002
2403,No,Male,No,Research & Development,Travel_Rarely,Divorced,10,5915,7,7,7,31,7,3,9528
2404,No,Male,No,Research & Development,Travel_Rarely,Divorced,7,5993,7,5,7,37,1,1,2689
2405,No,Male,Yes,Research & Development,Travel_Rarely,Married,9,6162,9,8,8,32,1,1,10877
2406,No,Female,No,Research & Development,Travel_Frequently,Single,10,2406,10,3,9,38,29,1,5456
2407,No,Female,Yes,Research & Development,Travel_Rarely,Divorced,29,18740,27,3,8,50,7,5,16701
2408,No,Female,No,Sales,Travel_Rarely,Single,28,7637,21,16,9,59,25,7,2354
2409,No,Female,No,Research & Development,Travel_Rarely,Divorced,17,10096,17,14,8,36,8,1,8202
2410,No,Female,Yes,Research & Development,Travel_Rarely,Divorced,21,14756,5,0,2,55,8,2,19730
2411,No,Male,No,Research & Development,Travel_Frequently,Single,6,6499,6,5,3,36,11,1,22656
2412,No,Male,No,Research & Development,Travel_Rarely,Divorced,25,9724,1,0,0,45,7,2,18787
2413,No,Male,No,Research & Development,Travel_Frequently,Married,5,2194,3,2,2,35,1,4,5868
2414,Yes,Male,Yes,Research & Development,Travel_Rarely,Married,2,3388,1,0,0,36,9,0,21777
2415,No,Female,No,Sales,Travel_Frequently,Single,20,5473,4,3,3,59,1,7,24668
2416,No,Male,No,Research & Development,Travel_Rarely,Married,6,2703,5,4,4,29,2,0,4956
2417,No,Male,No,Research & Development,Travel_Rarely,Single,1,2501,1,1,0,31,1,1,18775
2418,No,Male,No,Research & Development,Travel_Rarely,Married,10,6220,10,4,9,32,1,1,7346
2419,No,Female,No,Research & Development,Travel_Rarely,Married,5,3038,1,0,0,36,6,3,22002
2420,No,Female,No,Research & Development,Travel_Rarely,Single,11,4424,11,7,8,31,8,1,20682
2421,No,Male,No,Sales,Travel_Rarely,Single,16,4312,15,13,8,35,1,0,23016
2422,No,Male,Yes,Research & Development,Travel_Rarely,Married,17,13245,0,0,0,45,6,4,15067
2423,No,Male,No,Research & Development,Travel_Rarely,Single,16,13664,5,2,2,37,7,4,25258
2424,No,Male,Yes,Human Resources,Travel_Rarely,Divorced,16,5021,4,2,2,46,5,8,10425
2425,No,Male,Yes,Research & Development,Travel_Rarely,Married,10,5126,10,8,0,30,1,1,15998
2426,No,Male,No,Research & Development,Travel_Rarely,Single,6,2859,6,4,4,35,1,1,26278
2427,No,Male,No,Sales,Travel_Rarely,Married,24,10239,1,0,0,55,1,3,18092
2428,No,Female,Yes,Research & Development,Non-Travel,Divorced,17,5329,13,11,9,38,6,7,15717
2429,No,Male,No,Research & Development,Travel_Rarely,Married,5,4325,5,2,3,34,1,1,17736
2430,No,Male,No,Research & Development,Travel_Rarely,Single,37,7260,6,4,2,56,7,4,21698
2431,No,Male,No,Sales,Travel_Rarely,Divorced,3,2322,0,0,0,23,2,3,9518
2432,No,Male,No,Research & Development,Travel_Rarely,Married,10,2075,4,2,3,51,9,3,18725
2433,No,Male,No,Research & Development,Travel_Rarely,Married,11,4152,11,10,8,30,2,1,15830
2434,Yes,Male,No,Sales,Travel_Rarely,Single,9,9619,9,8,7,46,9,1,13596
2435,No,Male,No,Research & Development,Travel_Frequently,Married,22,13503,22,3,11,40,1,1,14115
2436,No,Male,Yes,Sales,Travel_Rarely,Single,11,5441,10,7,0,51,21,0,8423
2437,No,Female,Yes,Sales,Travel_Rarely,Divorced,11,5209,11,8,7,30,4,1,19760
2438,No,Male,Yes,Research & Development,Travel_Frequently,Married,21,10673,10,9,5,46,1,2,3142
2439,No,Male,No,Sales,Travel_Rarely,Single,12,5010,11,8,7,32,6,1,24301
2440,No,Female,No,Research & Development,Travel_Rarely,Married,16,13549,4,3,3,54,2,9,24001
2441,No,Female,No,Sales,Travel_Rarely,Married,4,4999,3,2,2,24,3,0,17519
2442,No,Male,No,Sales,Non-Travel,Married,5,4221,5,4,4,28,4,1,8863
2443,No,Male,No,Sales,Travel_Rarely,Single,38,13872,37,10,8,58,10,0,24409
2444,No,Male,No,Research & Development,Non-Travel,Married,17,2042,3,2,2,44,23,4,25043
2445,Yes,Male,Yes,Human Resources,Travel_Rarely,Divorced,7,2073,3,2,2,37,6,4,23648
2446,No,Male,No,Research & Development,Travel_Rarely,Single,1,2956,1,0,0,32,1,1,15178
2447,Yes,Female,Yes,Research & Development,Travel_Frequently,Single,1,2926,1,0,0,20,6,1,19783
2448,No,Female,No,Research & Development,Travel_Rarely,Single,16,4809,16,13,10,34,6,1,12482
2449,No,Male,No,Research & Development,Non-Travel,Divorced,17,5163,1,0,0,37,2,5,15850
2450,No,Female,No,Human Resources,Non-Travel,Married,30,18844,3,2,2,59,2,9,21922
2451,No,Female,Yes,Research & Development,Travel_Frequently,Married,28,18172,8,3,7,50,1,3,9755
2452,Yes,Male,Yes,Sales,Travel_Rarely,Single,6,5744,6,4,3,25,5,1,26959
2453,No,Male,No,Research & Development,Travel_Rarely,Married,2,2889,2,2,1,25,7,1,26897
2454,No,Female,No,Research & Development,Travel_Rarely,Single,1,2871,0,0,0,22,15,1,23785
2455,No,Female,No,Research & Development,Travel_Frequently,Single,23,7484,13,12,8,51,1,3,25796
2456,Yes,Male,Yes,Research & Development,Travel_Frequently,Single,9,6074,9,7,6,34,7,1,22887
2457,No,Female,Yes,Human Resources,Non-Travel,Single,23,17328,5,3,4,54,26,2,13871
2458,No,Male,No,Research & Development,Travel_Rarely,Married,6,2774,5,3,2,24,18,0,13257
2459,No,Female,No,Research & Development,Travel_Rarely,Divorced,12,4505,1,0,0,34,6,6,15000
2460,No,Male,No,Sales,Travel_Rarely,Single,12,7428,5,3,3,37,3,2,14506
2461,No,Female,No,Research & Development,Travel_Rarely,Single,14,11631,11,10,8,34,5,2,5615
2462,No,Female,No,Sales,Travel_Frequently,Married,10,9738,9,7,8,36,11,0,22952
2463,No,Female,No,Research & Development,Travel_Rarely,Divorced,7,2835,1,0,0,36,3,5,2561
2464,No,Male,Yes,Sales,Travel_Frequently,Married,25,16959,25,12,12,43,26,1,19494
2465,No,Male,No,Research & Development,Travel_Frequently,Divorced,10,2613,10,7,9,30,23,1,22310
2466,No,Male,No,Sales,Non-Travel,Married,8,6146,7,7,7,33,22,0,15480
2467,Yes,Female,Yes,Research & Development,Travel_Rarely,Married,7,4963,5,4,3,56,14,9,4510
2468,No,Male,No,Research & Development,Travel_Rarely,Single,23,19537,20,18,15,51,6,7,6462
2469,Yes,Male,Yes,Sales,Travel_Rarely,Married,12,6172,7,7,7,31,6,4,20739
2470,No,Female,No,Research & Development,Travel_Rarely,Married,5,2368,5,4,3,26,6,1,23300
2471,Yes,Female,No,Research & Development,Travel_Rarely,Married,40,10312,40,10,6,58,23,1,3465
2472,Yes,Male,Yes,Sales,Travel_Rarely,Single,0,1675,0,0,0,19,22,1,26820
2473,No,Male,No,Research & Development,Travel_Rarely,Married,3,2523,2,1,1,22,2,0,19299
2474,No,Female,No,Research & Development,Travel_Rarely,Married,16,6567,15,11,11,49,20,1,5549
2475,No,Female,No,Research & Development,Travel_Frequently,Single,18,4739,3,2,2,43,28,4,16090
2476,No,Female,No,Sales,Travel_Frequently,Single,16,9208,2,2,1,50,12,4,6645
2477,Yes,Female,Yes,Sales,Travel_Rarely,Married,4,4559,2,2,2,31,20,3,24788
2478,No,Male,Yes,Sales,Travel_Rarely,Divorced,12,8189,9,7,7,41,9,3,21196
2479,No,Female,No,Human Resources,Travel_Rarely,Married,8,2942,8,7,7,26,25,1,8916
2480,No,Male,No,Research & Development,Travel_Rarely,Divorced,7,4941,3,2,1,36,6,6,2819
2481,Yes,Male,No,Research & Development,Travel_Frequently,Single,18,10650,4,2,3,51,8,2,25150
2482,No,Female,No,Sales,Travel_Rarely,Married,17,5902,15,11,9,39,4,4,14590
2483,No,Male,No,Sales,Travel_Rarely,Married,6,8639,2,2,2,25,28,2,24835
2484,No,Male,Yes,Human Resources,Travel_Rarely,Married,12,6347,11,9,7,30,9,0,13982
2485,Yes,Female,No,Research & Development,Travel_Rarely,Single,10,4200,5,4,4,32,9,7,10224
2486,No,Male,No,Research & Development,Travel_Rarely,Single,9,3452,6,5,3,45,29,5,9752
2487,No,Female,Yes,Research & Development,Travel_Rarely,Single,19,4317,3,2,2,38,3,3,2302
2488,No,Female,No,Research & Development,Travel_Rarely,Single,5,2632,5,4,4,30,18,1,23910
2489,No,Male,No,Sales,Travel_Frequently,Divorced,9,4668,8,7,7,32,9,0,22812
2490,No,Female,No,Research & Development,Travel_Rarely,Divorced,8,3204,3,2,2,30,5,5,10415
2491,No,Male,No,Research & Development,Travel_Rarely,Single,6,2720,5,3,2,30,2,0,11162
2492,No,Male,No,Research & Development,Travel_Frequently,Divorced,21,17181,7,6,7,41,10,4,12888
2493,No,Male,No,Research & Development,Travel_Rarely,Married,7,2238,5,0,4,41,9,2,6961
2494,No,Female,No,Research & Development,Travel_Rarely,Single,1,1483,1,0,0,19,3,1,16102
2495,No,Female,No,Research & Development,Travel_Frequently,Divorced,20,5605,20,7,13,40,26,1,8504
2496,No,Male,No,Sales,Travel_Rarely,Married,10,7295,10,8,6,35,1,1,11439
2497,No,Male,Yes,Sales,Travel_Rarely,Married,13,2306,7,7,5,53,6,2,16047
2498,No,Male,No,Research & Development,Travel_Rarely,Divorced,20,2348,17,9,15,45,9,8,10901
2499,No,Female,No,Sales,Travel_Frequently,Single,9,8998,9,8,7,32,8,1,15589
2500,No,Male,No,Research & Development,Non-Travel,Married,10,4319,10,7,9,29,1,1,26283
2501,No,Male,No,Research & Development,Travel_Rarely,Married,10,6132,1,0,0,51,7,2,13983
2502,No,Female,Yes,Research & Development,Travel_Rarely,Married,9,3346,1,0,0,58,9,4,11873
2503,No,Male,No,Sales,Travel_Rarely,Married,15,10855,12,11,11,40,4,7,8552
2504,No,Female,No,Sales,Travel_Frequently,Married,6,2231,4,3,2,34,2,6,11314
2505,No,Male,No,Research & Development,Travel_Rarely,Married,2,2323,2,2,2,22,19,1,11992
2506,No,Male,No,Research & Development,Non-Travel,Divorced,6,2024,2,2,2,27,9,6,5970
2507,No,Male,No,Research & Development,Travel_Rarely,Married,5,2713,5,2,2,28,21,1,6672
2508,No,Male,Yes,Research & Development,Travel_Rarely,Divorced,12,9439,5,3,4,57,24,3,23402
2509,No,Male,Yes,Research & Development,Non-Travel,Divorced,1,2566,1,1,1,27,3,1,25326
2510,No,Female,No,Research & Development,Travel_Rarely,Single,21,19926,5,4,4,50,11,3,17053
2511,No,Male,No,Research & Development,Travel_Rarely,Divorced,13,2451,9,8,8,41,14,4,4609
2512,No,Female,No,Sales,Travel_Rarely,Married,12,9419,10,9,4,30,5,2,8053
2513,No,Female,No,Sales,Travel_Rarely,Single,12,8686,8,3,7,38,1,4,12930
2514,No,Male,No,Research & Development,Travel_Rarely,Single,8,3038,5,4,4,32,6,3,12430
2515,No,Male,Yes,Research & Development,Travel_Rarely,Married,6,3058,5,2,1,27,17,0,13364
2516,Yes,Female,No,Sales,Travel_Frequently,Single,1,2325,0,0,0,19,1,0,20989
2517,No,Male,No,Research & Development,Travel_Frequently,Single,13,2088,8,7,2,36,3,4,15062
2518,No,Male,No,Research & Development,Non-Travel,Divorced,12,3072,12,9,10,30,9,1,11012
2519,No,Female,Yes,Sales,Travel_Rarely,Divorced,9,5006,5,4,3,45,4,4,6319
2520,No,Female,Yes,Research & Development,Travel_Rarely,Divorced,19,4257,2,2,2,56,8,4,13939
2521,No,Male,No,Research & Development,Travel_Rarely,Single,4,2500,3,1,2,33,2,0,10515
2522,Yes,Male,No,Research & Development,Travel_Rarely,Single,1,1102,1,0,0,19,2,1,9241
2523,No,Female,No,Sales,Travel_Rarely,Divorced,24,10453,24,13,7,46,1,1,2137
2524,No,Female,No,Research & Development,Travel_Rarely,Single,2,2288,2,2,1,38,9,1,6319
2525,No,Female,Yes,Research & Development,Travel_Rarely,Married,7,3929,4,2,2,31,12,8,6984
2526,No,Female,No,Research & Development,Travel_Rarely,Single,9,2311,3,2,2,34,27,2,5711
2527,Yes,Female,Yes,Sales,Travel_Rarely,Single,4,3140,4,3,2,41,20,1,21728
2528,No,Male,No,Research & Development,Travel_Rarely,Married,5,3690,3,2,2,50,1,2,3425
2529,No,Female,No,Research & Development,Travel_Rarely,Divorced,5,4450,4,2,3,53,13,1,26250
2530,No,Female,No,Research & Development,Travel_Rarely,Married,8,2756,8,7,6,33,14,1,4673
2531,No,Female,No,Research & Development,Travel_Rarely,Married,21,19033,20,8,9,40,4,1,6499
2532,No,Male,No,Research & Development,Travel_Rarely,Single,36,18722,24,15,15,55,14,8,13339
2533,No,Male,No,Research & Development,Travel_Frequently,Married,10,9547,10,9,9,34,2,1,14074
2534,No,Female,No,Research & Development,Travel_Rarely,Single,21,13734,7,7,0,51,3,3,7192
2535,No,Male,No,Research & Development,Travel_Rarely,Married,34,19999,33,18,9,52,1,0,5678
2536,No,Female,No,Research & Development,Travel_Rarely,Single,7,2279,7,7,3,27,9,1,11781
2537,Yes,Male,Yes,Research & Development,Travel_Rarely,Married,8,5916,1,0,1,35,23,3,15497
2538,No,Male,No,Research & Development,Non-Travel,Divorced,7,2089,5,4,2,43,7,4,5228
2539,No,Male,No,Research & Development,Non-Travel,Married,22,16792,20,8,8,45,2,9,20462
2540,No,Male,Yes,Research & Development,Travel_Rarely,Married,8,3564,8,7,7,37,21,1,22977
2541,No,Female,No,Research & Development,Travel_Frequently,Single,10,4425,6,2,2,35,2,5,15986
2542,No,Female,No,Research & Development,Non-Travel,Divorced,11,5265,5,3,2,42,21,2,16439
2543,No,Male,No,Research & Development,Travel_Rarely,Married,14,6553,1,0,0,38,2,9,7259
2544,No,Male,No,Research & Development,Travel_Rarely,Married,9,6261,7,7,7,38,29,3,4185
2545,No,Male,No,Research & Development,Travel_Frequently,Married,6,4298,2,2,0,27,1,5,9679
2546,No,Male,Yes,Research & Development,Non-Travel,Divorced,7,6804,7,7,7,49,18,1,23793
2547,No,Male,Yes,Research & Development,Travel_Frequently,Divorced,5,3815,5,3,0,34,10,1,5972
2548,No,Male,Yes,Research & Development,Travel_Rarely,Married,15,2741,7,2,7,40,19,8,16523
2549,Yes,Male,Yes,Research & Development,Travel_Rarely,Married,17,6673,1,0,0,38,29,7,11354
2550,Yes,Female,No,Sales,Travel_Rarely,Married,10,7639,10,4,9,29,27,1,24525
2551,No,Male,Yes,Research & Development,Travel_Rarely,Divorced,4,2328,4,2,2,22,5,1,12392
2552,No,Female,No,Research & Development,Travel_Frequently,Single,8,2153,8,1,7,36,18,1,7703
2553,No,Male,No,Research & Development,Non-Travel,Married,5,4876,3,2,2,40,9,9,14242
2554,No,Male,No,Research & Development,Travel_Rarely,Divorced,17,9396,4,2,3,46,1,7,12368
2555,Yes,Male,No,Sales,Travel_Rarely,Married,14,10400,14,8,8,32,4,1,25812
2556,No,Male,No,Research & Development,Non-Travel,Single,12,8474,11,8,8,30,1,1,20925
2557,No,Female,No,Sales,Travel_Frequently,Single,7,9981,7,7,7,27,20,1,12916
2558,No,Male,No,Research & Development,Travel_Rarely,Married,16,12490,10,9,7,51,8,5,15736
2559,Yes,Female,Yes,Research & Development,Travel_Rarely,Single,8,2657,5,2,4,30,3,5,8556
2560,No,Female,Yes,Sales,Travel_Rarely,Single,16,13591,1,0,0,41,6,3,14674
2561,Yes,Female,No,Sales,Travel_Frequently,Single,9,6696,6,3,1,30,26,5,22967
2562,Yes,Male,No,Research & Development,Travel_Rarely,Single,7,2058,6,2,5,29,1,0,19757
2563,No,Female,No,Sales,Non-Travel,Single,23,8865,19,7,8,45,6,6,16840
2564,No,Female,No,Sales,Travel_Rarely,Married,16,5940,6,2,5,54,3,2,17011
2565,No,Male,No,Research & Development,Travel_Rarely,Single,16,5914,13,11,7,36,5,8,9945
2566,No,Female,No,Research & Development,Travel_Rarely,Married,7,2622,3,2,1,33,4,6,13248
2567,No,Male,Yes,Research & Development,Travel_Frequently,Divorced,10,12185,10,8,7,37,11,1,10056
2568,No,Male,No,Sales,Travel_Rarely,Divorced,17,10609,16,10,13,38,3,0,9647
2569,No,Male,No,Research & Development,Non-Travel,Married,6,4345,5,4,4,31,1,0,4381
2570,No,Male,No,Research & Development,Travel_Rarely,Married,7,2177,1,0,0,59,3,3,8456
2571,No,Male,No,Sales,Travel_Frequently,Divorced,13,2793,9,8,8,37,4,4,2539
2572,No,Female,No,Sales,Travel_Frequently,Married,11,7918,11,10,1,29,1,1,6599
2573,No,Female,No,Sales,Travel_Frequently,Single,10,8789,10,7,8,35,1,1,9096
2574,Yes,Male,Yes,Research & Development,Travel_Rarely,Single,4,2389,4,3,1,29,18,1,14961
2575,No,Female,No,Research & Development,Travel_Rarely,Single,6,3212,2,2,2,52,2,7,3300
2576,No,Male,No,Research & Development,Travel_Rarely,Married,22,19232,22,17,15,42,4,1,4933
2577,No,Male,No,Human Resources,Travel_Rarely,Married,7,2267,2,2,2,59,6,8,25657
2578,No,Female,No,Sales,Travel_Rarely,Divorced,32,19517,7,0,6,50,1,3,24118
2579,Yes,Male,Yes,Research & Development,Travel_Rarely,Married,8,2436,5,4,4,33,14,5,22149
2580,No,Female,Yes,Sales,Travel_Rarely,Married,22,16064,17,13,9,43,16,5,7744
2581,Yes,Female,No,Research & Development,Travel_Rarely,Married,13,2707,9,7,7,33,2,7,21509
2582,No,Male,Yes,Sales,Non-Travel,Single,33,19068,33,7,12,52,2,1,21030
2583,No,Female,No,Sales,Travel_Rarely,Married,6,3931,4,3,2,32,4,2,20990
2584,Yes,Male,Yes,Research & Development,Travel_Rarely,Single,4,3730,3,2,2,32,1,0,9571
2585,No,Female,No,Research & Development,Travel_Rarely,Divorced,7,2232,3,2,2,39,1,7,15417
2586,No,Male,No,Sales,Non-Travel,Married,4,4465,3,2,2,32,26,0,12069
2587,No,Male,No,Research & Development,Travel_Rarely,Divorced,17,3072,1,0,0,41,19,2,19877
2588,No,Male,No,Research & Development,Travel_Rarely,Divorced,9,3319,9,8,7,40,24,1,24447
2589,No,Male,No,Research & Development,Travel_Rarely,Married,25,19202,24,0,7,45,1,0,15970
2590,No,Male,No,Research & Development,Travel_Frequently,Divorced,9,13675,2,2,2,31,3,9,13523
2591,No,Female,No,Research & Development,Travel_Rarely,Married,2,2911,2,2,2,33,5,1,14776
2592,No,Male,No,Research & Development,Travel_Rarely,Married,13,5957,11,9,9,34,2,6,23687
2593,No,Female,No,Research & Development,Travel_Rarely,Married,17,3920,3,1,2,37,1,2,18697
2594,No,Male,No,Research & Development,Travel_Frequently,Married,9,6434,3,2,2,45,7,4,5118
2595,Yes,Male,No,Research & Development,Travel_Frequently,Divorced,17,10048,1,0,0,37,10,6,22573
2596,No,Female,No,Research & Development,Travel_Frequently,Single,20,10938,19,6,8,39,2,0,6420
2597,No,Male,No,Research & Development,Travel_Rarely,Single,6,2340,6,5,5,29,15,1,22673
2598,No,Female,Yes,Research & Development,Travel_Rarely,Single,10,6545,3,2,2,42,17,3,23016
2599,No,Male,No,Sales,Travel_Rarely,Divorced,10,6931,3,2,2,29,20,2,10732
2600,No,Female,No,Research & Development,Travel_Rarely,Married,5,4898,4,2,2,25,1,0,7505
2601,No,Female,Yes,Research & Development,Travel_Rarely,Divorced,10,2593,9,6,8,42,2,0,8007
2602,No,Male,No,Research & Development,Travel_Rarely,Divorced,22,19436,21,7,9,40,2,0,5949
2603,No,Male,No,Research & Development,Travel_Rarely,Married,1,2723,1,0,0,51,1,1,23231
2604,Yes,Male,No,Research & Development,Travel_Frequently,Single,6,3479,5,4,4,31,29,0,11652
2605,No,Male,No,Research & Development,Travel_Frequently,Married,5,2794,5,1,3,32,7,1,26062
2606,No,Male,No,Sales,Non-Travel,Married,13,5249,8,7,5,38,2,3,19682
2607,No,Male,No,Research & Development,Travel_Rarely,Single,9,2176,6,2,4,32,2,4,19737
2608,No,Female,Yes,Sales,Travel_Rarely,Married,28,16872,7,7,7,46,2,3,14977
2609,Yes,Male,No,Research & Development,Travel_Rarely,Single,5,3485,0,0,0,28,2,2,14935
2610,No,Male,No,Sales,Travel_Rarely,Married,10,6644,0,0,0,29,2,2,3687
2611,No,Male,No,Research & Development,Travel_Rarely,Married,10,5582,9,0,8,31,23,0,14408
2612,No,Male,No,Research & Development,Non-Travel,Divorced,6,4000,6,3,5,25,5,1,18384
2613,No,Male,Yes,Research & Development,Travel_Rarely,Married,21,13496,20,7,10,45,20,0,7501
2614,No,Male,No,Research & Development,Travel_Rarely,Married,16,3210,15,13,11,36,6,0,20251
2615,No,Male,Yes,Research & Development,Travel_Rarely,Single,37,19045,36,10,13,55,1,0,18938
2616,Yes,Male,Yes,Research & Development,Non-Travel,Married,10,11849,10,7,9,47,29,1,10268
2617,No,Male,No,Research & Development,Travel_Rarely,Married,5,2070,5,2,4,28,9,1,2613
2618,No,Male,No,Sales,Travel_Rarely,Married,7,6502,5,4,1,37,6,4,22825
2619,No,Male,No,Research & Development,Travel_Rarely,Single,3,3230,3,2,0,21,3,1,10531
2620,No,Female,Yes,Research & Development,Non-Travel,Divorced,15,13603,5,2,2,37,1,2,11677
2621,No,Female,No,Research & Development,Travel_Rarely,Divorced,10,11996,7,7,2,35,22,7,19100
2622,No,Female,Yes,Sales,Travel_Rarely,Divorced,8,5605,8,0,7,38,7,1,19191
2623,No,Female,No,Research & Development,Travel_Frequently,Divorced,6,6397,6,5,4,26,1,1,26767
2624,No,Male,No,Research & Development,Travel_Rarely,Divorced,28,19144,10,4,6,50,4,3,15815
2625,No,Male,Yes,Research & Development,Travel_Rarely,Married,21,17584,5,3,3,53,3,3,21016
2626,No,Male,No,Sales,Travel_Rarely,Married,20,4907,20,16,6,42,1,1,24532
2627,No,Male,No,Sales,Travel_Frequently,Single,10,4554,10,7,9,29,2,1,20260
2628,No,Male,Yes,Research & Development,Travel_Rarely,Married,12,5415,10,7,8,55,20,3,15972
2629,No,Male,Yes,Research & Development,Travel_Frequently,Married,5,4741,5,3,3,26,11,1,22722
2630,No,Female,No,Research & Development,Travel_Rarely,Single,17,2115,17,12,7,37,1,1,15881
2631,Yes,Male,Yes,Research & Development,Travel_Frequently,Divorced,19,3161,1,0,0,44,24,3,19920
2632,No,Male,No,Research & Development,Travel_Rarely,Divorced,10,5745,2,2,2,38,23,9,18899
2633,Yes,Male,Yes,Research & Development,Travel_Rarely,Divorced,5,2373,3,2,2,26,16,2,14180
2634,No,Female,No,Research & Development,Travel_Rarely,Single,5,3310,5,3,2,28,8,1,4488
2635,No,Female,Yes,Research & Development,Travel_Frequently,Single,22,18665,3,2,2,49,10,9,25594
2636,No,Male,No,Research & Development,Travel_Rarely,Single,10,4485,8,0,7,36,3,4,26285
2637,No,Female,No,Sales,Travel_Frequently,Divorced,2,2789,2,2,2,31,5,1,3909
2638,Yes,Male,Yes,Sales,Travel_Rarely,Single,8,5828,8,7,4,26,4,1,8450
2639,No,Male,Yes,Research & Development,Travel_Frequently,Married,4,2326,4,2,2,37,9,1,11411
2640,No,Female,No,Sales,Travel_Frequently,Married,23,13525,20,4,8,42,26,5,14864
2641,Yes,Male,No,Research & Development,Travel_Rarely,Single,0,1420,0,0,0,18,3,1,25233
2642,No,Male,No,Sales,Travel_Rarely,Married,12,8020,11,9,9,35,16,0,5100
2643,No,Male,No,Research & Development,Travel_Frequently,Married,4,3688,1,0,0,36,18,4,7122
2644,No,Male,No,Research & Development,Travel_Rarely,Divorced,13,5482,4,1,2,51,2,5,16321
2645,No,Male,No,Sales,Travel_Rarely,Single,22,16015,22,10,4,41,2,1,15896
2646,No,Female,No,Sales,Travel_Rarely,Single,0,1200,0,0,0,18,10,1,9724
2647,No,Male,No,Research & Development,Travel_Rarely,Single,9,5661,8,3,7,28,16,0,4824
2648,No,Male,No,Sales,Travel_Rarely,Married,10,6929,8,7,7,31,7,4,12241
2649,No,Male,No,Research & Development,Travel_Rarely,Divorced,19,9613,18,10,7,39,1,0,10942
2650,No,Female,No,Research & Development,Non-Travel,Married,11,5674,9,8,8,36,24,7,6927
2651,No,Male,No,Sales,Travel_Rarely,Married,13,5484,13,8,8,32,7,1,16985
2652,No,Female,No,Research & Development,Travel_Rarely,Married,19,12061,10,8,1,38,25,3,26707
2653,No,Male,Yes,Research & Development,Non-Travel,Divorced,12,5660,5,3,2,58,1,2,17056
2654,No,Male,Yes,Research & Development,Travel_Rarely,Married,6,4821,5,2,3,31,5,0,10077
2655,No,Male,No,Human Resources,Travel_Rarely,Married,9,6410,2,2,0,31,2,3,17822
2656,No,Male,No,Research & Development,Travel_Frequently,Divorced,24,5210,24,9,11,45,7,1,20308
2657,No,Male,Yes,Research & Development,Travel_Rarely,Divorced,3,2695,2,2,2,31,2,0,7747
2658,No,Female,No,Research & Development,Travel_Frequently,Married,12,11878,10,6,8,33,5,6,23364
2659,No,Male,Yes,Research & Development,Travel_Rarely,Married,21,17068,21,9,10,39,10,1,5355
2660,No,Female,No,Research & Development,Travel_Frequently,Single,9,2455,8,7,7,43,10,0,10675
2661,No,Female,Yes,Research & Development,Travel_Rarely,Single,25,13964,7,1,7,49,1,7,17810
2662,Yes,Male,No,Research & Development,Travel_Rarely,Married,11,4941,8,2,7,52,8,2,17747
2663,No,Female,Yes,Research & Development,Travel_Rarely,Single,4,2478,4,3,2,27,5,1,20938
2664,No,Female,Yes,Sales,Travel_Rarely,Married,13,5228,13,12,9,32,8,1,24624
2665,No,Male,Yes,Sales,Travel_Rarely,Single,5,4478,5,4,4,27,2,1,5242
2666,No,Male,No,Sales,Travel_Rarely,Divorced,13,7547,7,7,7,31,7,4,7143
2667,No,Female,No,Research & Development,Travel_Rarely,Single,10,5055,7,7,7,32,2,7,10557
2668,Yes,Male,Yes,Research & Development,Travel_Rarely,Married,5,3464,3,2,2,28,2,5,24737
2669,No,Female,No,Research & Development,Travel_Rarely,Married,11,5775,10,8,9,30,28,1,11934
2670,No,Female,No,Research & Development,Travel_Frequently,Married,10,8943,10,9,9,31,7,1,14034
2671,No,Male,No,Research & Development,Travel_Frequently,Married,21,19272,21,9,3,39,7,1,21141
2672,Yes,Female,Yes,Sales,Travel_Rarely,Married,12,5238,1,0,0,39,3,4,17778
2673,No,Male,No,Sales,Travel_Frequently,Single,9,4682,7,7,1,33,10,3,4317
2674,No,Male,No,Research & Development,Travel_Rarely,Married,21,18300,3,2,1,47,5,4,16375
2675,No,Female,No,Research & Development,Travel_Frequently,Divorced,9,5257,9,7,0,43,10,1,6227
2676,No,Male,Yes,Sales,Non-Travel,Married,6,6349,5,4,4,27,1,0,22107
2677,No,Female,No,Research & Development,Travel_Frequently,Single,20,4869,4,3,3,54,20,3,16885
2678,No,Female,No,Research & Development,Travel_Rarely,Married,10,9985,1,0,0,43,7,8,9262
2679,No,Male,No,Research & Development,Travel_Rarely,Married,12,3697,10,9,8,45,8,9,9278
2680,No,Male,Yes,Sales,Travel_Rarely,Married,6,7457,4,3,2,40,1,2,13273
2681,Yes,Male,Yes,Research & Development,Travel_Rarely,Married,7,2119,7,7,7,29,8,1,4759
2682,No,Male,No,Research & Development,Travel_Rarely,Single,4,3983,3,2,2,29,9,0,7621
2683,No,Female,No,Sales,Travel_Rarely,Divorced,10,6118,10,9,2,30,5,1,5431
2684,No,Female,No,Sales,Travel_Rarely,Married,8,6214,8,7,7,27,8,1,3415
2685,No,Male,No,Research & Development,Travel_Rarely,Divorced,8,6347,6,2,4,37,5,7,23177
2686,No,Male,Yes,Research & Development,Travel_Rarely,Divorced,12,11510,11,10,9,38,15,0,15682
2687,No,Female,Yes,Research & Development,Travel_Rarely,Single,11,7143,11,9,10,31,7,1,25713
2688,No,Female,Yes,Sales,Travel_Rarely,Divorced,7,8268,7,7,7,29,10,1,11866
2689,No,Male,No,Research & Development,Travel_Rarely,Single,17,8095,16,6,13,35,5,0,18264
2690,No,Male,No,Research & Development,Travel_Rarely,Divorced,4,2904,4,2,2,23,26,1,16092
2691,No,Male,Yes,Research & Development,Travel_Rarely,Single,8,6032,5,4,2,41,6,6,10110
2692,No,Male,No,Sales,Travel_Frequently,Single,5,2976,0,0,0,47,4,3,25751
2693,No,Female,No,Research & Development,Travel_Rarely,Single,16,15992,1,0,0,42,23,2,15901
2694,No,Male,No,Sales,Non-Travel,Married,4,4649,4,3,2,29,2,1,16928
2695,No,Male,Yes,Human Resources,Travel_Rarely,Divorced,4,2696,3,2,0,42,2,0,24017
2696,No,Female,No,Research & Development,Travel_Rarely,Married,8,2370,8,0,7,32,2,1,3956
2697,No,Female,No,Sales,Travel_Rarely,Married,15,12504,0,0,0,48,29,3,23978
2698,No,Male,Yes,Research & Development,Travel_Rarely,Divorced,13,5974,7,7,7,37,6,4,17001
2699,No,Female,Yes,Sales,Non-Travel,Married,4,4736,2,2,2,30,25,7,6069
2700,No,Male,No,Sales,Travel_Rarely,Married,8,5296,8,7,7,26,1,1,20156
2701,No,Male,No,Research & Development,Travel_Rarely,Single,14,6781,1,0,0,42,2,3,17078
2702,Yes,Female,Yes,Sales,Travel_Frequently,Single,3,2174,3,2,2,21,1,1,9150
2703,No,Female,No,Sales,Non-Travel,Single,7,6653,1,0,0,36,1,4,15276
2704,No,Male,No,Sales,Travel_Frequently,Married,16,9699,13,9,12,36,3,4,7246
2705,No,Male,No,Research & Development,Travel_Rarely,Married,15,6755,3,2,2,57,1,2,2967
2706,No,Female,Yes,Research & Development,Travel_Rarely,Married,10,2213,7,7,7,40,10,3,22495
2707,No,Male,No,Sales,Non-Travel,Single,3,2610,3,2,2,21,9,1,2851
2708,Yes,Female,Yes,Sales,Travel_Rarely,Single,1,2851,1,0,0,33,5,1,9150
2709,No,Female,No,Research & Development,Travel_Rarely,Married,17,3452,5,4,3,37,10,6,17663
2710,No,Female,No,Research & Development,Non-Travel,Married,7,5258,1,0,0,46,7,2,16044
2711,Yes,Male,No,Sales,Travel_Frequently,Single,8,9355,8,7,7,41,4,1,9558
2712,No,Male,No,Research & Development,Travel_Rarely,Single,20,10496,4,3,3,50,10,6,2755
2713,Yes,Male,Yes,Sales,Travel_Rarely,Married,8,6380,6,4,0,40,22,2,6110
2714,No,Male,Yes,Research & Development,Travel_Rarely,Single,3,2657,2,2,2,31,9,0,7551
2715,Yes,Female,No,Sales,Travel_Rarely,Single,1,2716,1,0,0,21,12,1,25422
2716,No,Male,No,Research & Development,Travel_Rarely,Single,6,2201,3,2,2,29,23,9,18168
2717,No,Male,No,Research & Development,Travel_Rarely,Single,10,6540,1,1,0,35,9,9,19394
2718,No,Male,No,Research & Development,Travel_Rarely,Divorced,5,3816,5,2,4,27,1,1,17881
2719,No,Male,No,Sales,Travel_Rarely,Single,7,5253,7,5,7,28,9,1,20750
2720,No,Male,No,Research & Development,Travel_Rarely,Single,26,10965,5,2,0,49,7,8,12066
2721,No,Female,No,Sales,Travel_Rarely,Married,18,4936,7,7,7,51,14,4,14862
2722,No,Female,No,Research & Development,Travel_Rarely,Married,6,2543,2,2,2,36,2,4,11868
2723,Yes,Male,Yes,Sales,Non-Travel,Single,9,5304,5,2,4,34,19,8,4652
2724,No,Female,Yes,Research & Development,Travel_Rarely,Single,30,16659,5,4,2,55,2,2,23258
2725,No,Female,Yes,Sales,Travel_Rarely,Divorced,5,4260,5,2,3,24,10,1,5915
2726,No,Male,No,Sales,Travel_Rarely,Married,1,2476,1,0,0,30,2,1,17434
2727,Yes,Male,No,Research & Development,Travel_Frequently,Single,7,3102,6,4,4,26,3,0,6582
2728,No,Female,No,Research & Development,Travel_Rarely,Married,2,2244,2,1,2,22,11,1,24440
2729,No,Male,No,Sales,Travel_Rarely,Married,10,7596,10,9,0,36,2,1,3809
2730,Yes,Male,Yes,Research & Development,Travel_Frequently,Single,3,2285,1,0,0,30,4,9,3427
2731,No,Female,No,Research & Development,Travel_Rarely,Divorced,18,3034,18,7,17,37,14,1,26914
2732,No,Female,No,Sales,Travel_Rarely,Divorced,8,5715,5,4,3,40,2,7,22553
2733,No,Female,No,Research & Development,Travel_Rarely,Divorced,8,2576,5,2,2,42,1,3,20490
2734,No,Male,Yes,Research & Development,Travel_Rarely,Single,18,4197,1,0,1,37,10,2,21123
2735,No,Male,No,Research & Development,Travel_Rarely,Divorced,25,14336,25,10,9,43,12,1,4345
2736,No,Female,No,Research & Development,Travel_Rarely,Married,20,3448,1,0,0,40,2,6,13436
2737,No,Male,No,Research & Development,Travel_Rarely,Married,24,19406,4,2,2,54,5,4,8509
2738,No,Female,No,Sales,Non-Travel,Married,6,6538,3,2,2,34,4,9,12740
2739,No,Female,No,Research & Development,Travel_Rarely,Married,13,4306,13,10,12,31,7,1,4156
2740,No,Male,No,Research & Development,Travel_Frequently,Married,8,2258,3,2,2,43,21,7,15238
2741,No,Female,Yes,Research & Development,Travel_Rarely,Divorced,8,4522,5,2,2,43,8,4,2227
2742,No,Female,Yes,Sales,Travel_Rarely,Single,5,4487,5,4,3,25,4,1,12090
2743,No,Female,Yes,Research & Development,Non-Travel,Married,15,4449,13,11,7,37,25,3,23866
2744,No,Male,No,Research & Development,Travel_Rarely,Married,4,2218,4,2,2,31,1,1,16193
2745,No,Male,Yes,Research & Development,Travel_Frequently,Divorced,21,19197,21,8,6,39,1,1,8213
2746,No,Female,No,Sales,Travel_Frequently,Married,36,13212,7,7,7,56,6,9,18256
2747,No,Female,No,Sales,Travel_Rarely,Single,6,6577,5,4,4,30,12,0,19558
2748,No,Male,No,Sales,Travel_Rarely,Married,10,8392,10,7,7,41,1,1,19566
2749,No,Male,No,Research & Development,Travel_Rarely,Divorced,10,4558,10,0,8,28,17,1,13535
2750,Yes,Male,No,Research & Development,Travel_Rarely,Married,6,4031,2,2,2,25,3,5,9396
2751,No,Male,Yes,Research & Development,Travel_Rarely,Married,28,7969,5,4,4,52,3,2,19609
2752,No,Male,No,Research & Development,Travel_Rarely,Married,8,2654,2,2,2,45,10,3,9655
2753,No,Female,No,Research & Development,Travel_Rarely,Married,31,16555,5,2,4,52,4,2,10310
2754,No,Female,No,Research & Development,Travel_Frequently,Divorced,19,4556,5,4,2,42,29,2,12932
2755,No,Female,No,Research & Development,Travel_Rarely,Single,11,6091,5,4,2,30,2,2,24793
2756,No,Female,No,Research & Development,Travel_Rarely,Married,33,19566,29,8,10,60,7,5,3854
2757,No,Female,No,Research & Development,Travel_Rarely,Divorced,19,4810,10,7,8,46,18,2,26314
2758,No,Female,No,Research & Development,Travel_Frequently,Married,7,4523,6,5,4,42,28,0,4386
2759,Yes,Female,Yes,Sales,Travel_Rarely,Single,6,3202,5,3,4,24,1,1,21972
2760,Yes,Female,No,Sales,Travel_Frequently,Divorced,3,2351,2,2,0,34,6,0,12253
2761,No,Male,Yes,Research & Development,Travel_Frequently,Married,1,1702,1,0,0,38,2,1,12106
2762,No,Female,No,Sales,Travel_Rarely,Married,21,18041,20,15,12,40,2,0,13022
2763,No,Female,No,Research & Development,Travel_Rarely,Divorced,3,2886,3,2,2,26,23,1,3032
2764,No,Male,No,Research & Development,Non-Travel,Married,9,2097,5,3,4,30,3,4,16734
2765,No,Male,No,Research & Development,Travel_Rarely,Married,10,11935,10,2,7,29,3,1,21526
2766,Yes,Female,No,Research & Development,Travel_Rarely,Married,6,2546,2,2,1,29,25,5,18300
2767,Yes,Male,No,Human Resources,Travel_Rarely,Single,1,2564,1,0,0,19,2,1,18437
2768,No,Female,No,Sales,Non-Travel,Married,10,8412,9,8,8,30,22,0,2890
2769,No,Male,No,Sales,Travel_Rarely,Divorced,32,14118,1,0,0,57,29,3,22102
2770,No,Male,No,Research & Development,Travel_Rarely,Married,28,17046,27,10,7,50,29,0,9314
2771,No,Female,No,Research & Development,Non-Travel,Single,12,2564,11,7,7,30,2,0,7181
2772,No,Female,No,Sales,Travel_Frequently,Married,22,10266,18,13,11,60,28,4,2845
2773,No,Female,No,Research & Development,Travel_Rarely,Divorced,20,5070,5,0,4,47,2,5,7389
2774,No,Male,No,Research & Development,Travel_Rarely,Married,26,17861,3,2,1,46,2,6,2288
2775,No,Male,No,Research & Development,Travel_Rarely,Single,6,4230,5,4,3,35,22,0,19225
2776,No,Female,No,Research & Development,Travel_Rarely,Single,19,3780,1,0,0,54,8,7,23428
2777,No,Male,No,Research & Development,Travel_Rarely,Divorced,14,2768,7,3,7,34,2,3,8416
2778,No,Female,Yes,Sales,Travel_Rarely,Married,15,9071,3,2,2,46,10,2,11563
2779,No,Male,No,Research & Development,Travel_Rarely,Divorced,13,10648,13,8,8,31,9,1,14394
2780,Yes,Male,Yes,Research & Development,Travel_Rarely,Married,15,13610,7,6,7,33,15,7,24619
2781,Yes,Male,No,Research & Development,Travel_Rarely,Divorced,8,3408,4,3,3,33,10,7,6705
2782,No,Male,No,Sales,Travel_Rarely,Single,4,2983,3,2,2,30,7,0,18398
2783,No,Male,Yes,Research & Development,Travel_Rarely,Married,10,7632,8,7,0,35,16,4,14295
2784,Yes,Male,No,Research & Development,Travel_Frequently,Married,12,9824,1,0,0,31,20,3,22908
2785,Yes,Female,Yes,Human Resources,Travel_Frequently,Divorced,11,9950,3,2,2,34,23,9,11533
2786,No,Male,No,Research & Development,Travel_Frequently,Married,8,2093,2,2,0,42,5,4,9260
2787,No,Male,No,Sales,Non-Travel,Single,10,9980,10,3,7,36,10,1,15318
2788,Yes,Male,No,Research & Development,Travel_Frequently,Single,4,3894,2,2,2,22,4,5,9129
2789,No,Female,No,Sales,Travel_Rarely,Married,14,4051,9,7,7,48,2,2,19658
2790,No,Female,No,Sales,Travel_Rarely,Single,37,16835,10,9,7,55,18,3,9873
2791,No,Male,No,Sales,Non-Travel,Single,16,6230,14,3,10,41,10,7,13430
2792,No,Male,No,Sales,Travel_Rarely,Married,15,4717,11,9,9,35,1,9,18659
2793,No,Female,No,Research & Development,Travel_Rarely,Single,22,13237,20,6,13,40,6,7,20364
2794,No,Female,No,Research & Development,Travel_Frequently,Married,8,3755,8,3,7,39,8,1,17872
2795,No,Male,Yes,Sales,Travel_Rarely,Single,10,6582,6,5,5,31,2,4,8346
2796,No,Male,Yes,Research & Development,Travel_Rarely,Married,10,7406,10,9,8,42,24,1,6950
2797,No,Male,No,Sales,Travel_Rarely,Married,9,4805,8,7,7,45,2,0,16177
2798,Yes,Female,Yes,Human Resources,Travel_Frequently,Divorced,8,2741,7,7,0,26,17,0,22808
2799,No,Male,No,Research & Development,Travel_Rarely,Divorced,8,4262,3,2,2,29,19,4,22645
2800,No,Female,No,Research & Development,Travel_Rarely,Divorced,10,16184,6,1,5,33,1,4,22578
2801,No,Male,No,Sales,Travel_Rarely,Divorced,10,11557,5,4,1,31,7,9,25291
2802,Yes,Male,Yes,Sales,Travel_Frequently,Single,0,1878,0,0,0,18,5,1,8059
2803,No,Male,No,Sales,Non-Travel,Divorced,20,10932,1,0,1,40,28,3,11373
2804,No,Female,Yes,Research & Development,Non-Travel,Single,10,6811,8,7,7,41,2,2,2112
2805,No,Male,No,Sales,Travel_Rarely,Divorced,8,4306,0,0,0,26,29,5,4267
2806,No,Female,No,Sales,Travel_Rarely,Single,5,4859,5,4,3,35,1,1,6698
2807,No,Male,No,Sales,Travel_Rarely,Single,10,5337,10,7,7,34,21,1,19921
2808,Yes,Male,Yes,Research & Development,Travel_Rarely,Single,1,2340,1,0,0,26,24,1,23213
2809,No,Female,No,Research & Development,Travel_Rarely,Single,12,7491,6,5,2,37,1,4,23848
2810,No,Female,No,Research & Development,Travel_Frequently,Married,28,10527,2,2,2,46,18,5,8984
2811,No,Female,No,Sales,Travel_Rarely,Married,22,16595,18,16,8,41,2,7,5626
2812,No,Male,No,Sales,Non-Travel,Divorced,9,8834,9,5,7,37,9,1,24666
2813,No,Male,Yes,Research & Development,Travel_Rarely,Divorced,18,5577,10,9,9,52,6,3,22087
2814,Yes,Male,No,Sales,Non-Travel,Married,6,4707,4,2,2,32,11,8,23914
2815,No,Male,No,Sales,Travel_Frequently,Married,3,2400,2,2,1,24,24,0,5530
2816,No,Female,No,Research & Development,Travel_Rarely,Married,18,9824,1,0,0,38,10,3,22174
2817,No,Female,No,Research & Development,Travel_Rarely,Married,8,6447,6,5,3,37,1,6,15701
2818,No,Male,Yes,Research & Development,Travel_Rarely,Divorced,31,19502,31,9,9,49,18,1,2125
2819,No,Male,Yes,Research & Development,Travel_Rarely,Married,6,2725,6,5,4,24,23,1,21630
2820,No,Male,No,Sales,Travel_Rarely,Married,6,6272,5,3,4,26,28,1,7428
2821,No,Male,No,Research & Development,Travel_Rarely,Married,1,2127,1,0,0,24,17,1,9100
2822,No,Male,No,Human Resources,Travel_Frequently,Married,32,18200,32,5,7,50,3,1,7999
2823,No,Male,No,Sales,Travel_Rarely,Married,7,2096,7,4,6,25,13,1,26376
2824,Yes,Female,Yes,Research & Development,Travel_Frequently,Married,6,2886,6,3,2,24,7,1,14168
2825,Yes,Male,No,Sales,Travel_Frequently,Married,1,2033,1,0,0,30,12,1,14470
2826,No,Male,Yes,Research & Development,Travel_Rarely,Married,6,3622,6,5,3,34,1,1,22794
2827,Yes,Male,No,Sales,Travel_Rarely,Divorced,9,4233,3,1,2,31,13,2,11512
2828,No,Male,No,Research & Development,Travel_Rarely,Single,9,3681,3,2,2,35,25,4,14004
2829,No,Male,No,Sales,Travel_Rarely,Divorced,13,5460,7,7,7,31,6,4,6219
2830,No,Female,No,Research & Development,Travel_Rarely,Divorced,6,2187,5,3,3,27,6,0,5013
2831,No,Male,Yes,Sales,Travel_Rarely,Married,17,9602,3,0,0,37,2,4,3010
2832,No,Female,No,Research & Development,Travel_Rarely,Single,1,2836,1,0,0,20,1,1,11757
2833,No,Female,No,Research & Development,Travel_Rarely,Married,10,4089,10,2,2,42,2,1,5718
2834,No,Male,Yes,Research & Development,Travel_Rarely,Divorced,21,16627,1,0,0,43,6,4,2671
2835,No,Female,No,Research & Development,Travel_Rarely,Single,8,2619,0,0,0,38,1,3,14561
2836,No,Male,Yes,Research & Development,Travel_Frequently,Divorced,10,5679,8,7,7,43,9,3,19627
2837,No,Female,No,Research & Development,Travel_Rarely,Married,21,15402,3,2,2,48,1,7,17997
2838,No,Female,No,Human Resources,Travel_Rarely,Single,10,5985,2,2,2,44,1,4,26894
2839,No,Female,Yes,Sales,Travel_Rarely,Divorced,8,2579,8,2,6,34,14,1,2912
2840,Yes,Male,No,Sales,Travel_Rarely,Divorced,5,3041,4,3,2,27,2,0,16346
2841,No,Male,No,Sales,Travel_Rarely,Single,3,3447,3,2,2,21,22,1,24444
2842,No,Male,Yes,Research & Development,Travel_Rarely,Married,26,19513,2,2,1,44,3,4,9358
2843,No,Male,No,Research & Development,Travel_Rarely,Married,3,2773,2,2,2,22,6,0,12145
2844,No,Male,No,Sales,Travel_Rarely,Divorced,6,7104,5,0,2,33,8,0,20431
2845,No,Female,Yes,Research & Development,Travel_Rarely,Married,6,6322,6,4,5,32,9,1,18089
2846,No,Female,No,Research & Development,Travel_Frequently,Divorced,1,2083,1,0,0,30,3,1,22653
2847,No,Female,No,Sales,Travel_Rarely,Single,18,8381,14,7,10,53,1,7,7507
2848,No,Male,No,Research & Development,Travel_Rarely,Married,10,2691,10,9,8,34,1,1,7660
2849,Yes,Female,No,Sales,Travel_Frequently,Married,5,4286,1,1,0,45,26,2,5630
2850,No,Female,Yes,Research & Development,Travel_Rarely,Married,3,2659,3,2,2,26,6,1,17759
2851,No,Male,No,Research & Development,Travel_Rarely,Married,10,9434,10,7,8,37,3,1,9606
2852,No,Female,No,Sales,Travel_Rarely,Married,6,5561,6,0,2,29,3,1,3487
2853,No,Male,No,Research & Development,Travel_Rarely,Single,17,6646,17,11,8,35,6,1,19368
2854,No,Male,No,Research & Development,Travel_Frequently,Divorced,15,7725,13,11,7,33,6,3,5335
2855,No,Male,No,Human Resources,Travel_Rarely,Married,16,10725,9,7,1,54,19,2,6729
2856,No,Male,Yes,Research & Development,Travel_Rarely,Divorced,13,8847,3,2,2,36,9,2,13934
2857,No,Male,No,Research & Development,Travel_Rarely,Single,5,2045,4,2,1,27,3,0,15174
2858,Yes,Male,Yes,Research & Development,Travel_Rarely,Single,1,1009,1,0,1,20,10,1,26999
2859,Yes,Male,Yes,Research & Development,Travel_Frequently,Single,10,3348,10,8,7,33,3,1,3164
2860,No,Male,No,Research & Development,Non-Travel,Married,1,1281,1,0,0,35,3,1,16900
2861,No,Male,No,Research & Development,Travel_Rarely,Married,5,2819,3,2,2,23,4,2,8544
2862,No,Male,No,Sales,Travel_Rarely,Married,4,4851,3,2,2,25,8,0,15678
2863,No,Female,No,Sales,Travel_Rarely,Single,8,4028,7,7,5,38,7,0,7791
2864,No,Male,No,Research & Development,Travel_Frequently,Divorced,10,2720,10,7,8,29,1,1,18959
2865,No,Male,No,Sales,Travel_Rarely,Married,12,8120,2,2,2,48,2,3,18597
2866,No,Female,Yes,Sales,Travel_Frequently,Divorced,6,4647,6,5,4,27,3,1,16673
2867,No,Male,No,Research & Development,Travel_Rarely,Single,4,4680,1,0,0,37,10,3,15232
2868,No,Male,Yes,Research & Development,Travel_Rarely,Married,20,3221,20,8,8,50,28,1,3297
2869,No,Female,No,Research & Development,Travel_Rarely,Single,9,8621,8,7,7,34,9,1,17654
2870,Yes,Female,No,Sales,Travel_Rarely,Single,4,4577,2,2,0,24,3,9,24785
2871,No,Female,No,Research & Development,Travel_Rarely,Single,20,4553,20,7,10,39,2,1,20978
2872,No,Male,No,Sales,Travel_Rarely,Single,10,5396,10,7,8,32,10,1,21703
2873,Yes,Male,Yes,Sales,Travel_Frequently,Married,18,6796,4,3,3,50,8,3,23452
2874,No,Female,No,Research & Development,Travel_Rarely,Single,10,7625,9,7,8,38,1,0,19383
2875,No,Female,No,Research & Development,Travel_Rarely,Married,9,7412,9,7,7,27,1,1,6009
2876,No,Female,No,Research & Development,Travel_Rarely,Single,10,11159,7,7,7,32,3,3,19373
2877,No,Male,No,Sales,Travel_Rarely,Single,20,4960,7,7,7,47,14,2,11825
2878,No,Male,Yes,Sales,Travel_Frequently,Married,20,10475,18,13,12,40,5,5,23772
2879,No,Male,No,Research & Development,Travel_Rarely,Married,32,14814,5,1,3,53,7,3,13514
2880,No,Male,No,Human Resources,Travel_Rarely,Divorced,23,19141,21,6,6,41,10,3,8861
2881,No,Male,No,Sales,Travel_Rarely,Single,10,5405,2,2,2,60,16,8,11924
2882,No,Male,No,Research & Development,Travel_Frequently,Divorced,9,8793,9,7,7,27,10,1,4809
2883,No,Male,No,Human Resources,Travel_Rarely,Married,22,19189,22,7,10,41,1,1,19562
2884,No,Male,No,Sales,Travel_Rarely,Married,4,3875,2,2,2,50,8,7,9983
2885,Yes,Female,Yes,Research & Development,Travel_Rarely,Single,10,2216,7,7,7,28,1,7,3872
2886,No,Female,No,Research & Development,Non-Travel,Married,10,11713,8,7,5,36,8,9,20335
2887,No,Female,Yes,Research & Development,Travel_Rarely,Single,10,7861,1,0,0,38,1,4,15397
2888,No,Male,No,Research & Development,Non-Travel,Single,9,3708,5,2,4,44,24,2,2104
2889,No,Female,Yes,Sales,Travel_Frequently,Divorced,28,13770,22,2,13,47,3,9,10225
2890,No,Male,No,Sales,Travel_Rarely,Divorced,10,5304,8,7,7,30,27,7,25275
2891,No,Male,No,Sales,Travel_Rarely,Single,1,2642,1,0,0,29,10,1,2755
2892,Yes,Male,Yes,Research & Development,Travel_Frequently,Divorced,7,2759,2,2,2,42,19,6,20366
2893,No,Male,No,Sales,Travel_Frequently,Married,7,6804,2,2,2,43,15,3,23683
2894,No,Female,No,Research & Development,Travel_Rarely,Single,10,6142,5,1,3,34,8,3,7360
2895,No,Male,No,Research & Development,Travel_Rarely,Married,5,2500,4,3,2,23,9,1,4344
2896,No,Female,No,Human Resources,Travel_Rarely,Married,12,6389,8,3,6,39,3,9,18767
2897,No,Male,No,Research & Development,Travel_Rarely,Married,30,11103,10,7,1,56,9,7,20420
2898,No,Female,Yes,Research & Development,Travel_Rarely,Single,5,2342,4,2,3,40,2,0,22929
2899,No,Female,No,Research & Development,Travel_Rarely,Single,9,6811,7,6,7,27,7,8,23398
2900,No,Male,No,Sales,Travel_Rarely,Divorced,2,2297,2,2,2,29,10,1,17967
2901,No,Male,No,Research & Development,Travel_Rarely,Single,19,2450,2,2,2,53,6,2,10919
2902,No,Female,No,Research & Development,Non-Travel,Divorced,16,5093,1,0,0,35,2,2,4761
2903,No,Male,No,Research & Development,Travel_Frequently,Married,10,5309,10,8,7,32,24,1,21146
2904,No,Male,Yes,Research & Development,Travel_Rarely,Married,6,3057,1,0,1,38,2,6,20471
2905,No,Female,No,Research & Development,Travel_Rarely,Divorced,7,5121,0,0,0,34,8,3,4187
2906,No,Male,No,Sales,Travel_Rarely,Married,34,16856,34,6,16,52,3,1,10084
2907,Yes,Male,Yes,Research & Development,Travel_Rarely,Single,10,2686,10,9,8,33,1,1,5207
2908,No,Female,No,Sales,Travel_Rarely,Single,6,6180,6,5,4,25,26,1,22807
2909,No,Male,No,Sales,Travel_Rarely,Single,9,6632,8,7,1,45,2,0,12388
2910,No,Male,No,Research & Development,Travel_Rarely,Single,2,3505,2,2,2,23,10,1,19630
2911,Yes,Female,Yes,Sales,Travel_Frequently,Single,8,6397,5,4,3,47,27,4,10339
2912,No,Male,No,Sales,Travel_Rarely,Single,6,6274,6,5,4,34,2,1,18686
2913,Yes,Male,Yes,Research & Development,Travel_Rarely,Married,24,19859,5,2,4,55,2,5,21199
2914,No,Male,No,Sales,Non-Travel,Single,10,7587,10,7,9,36,8,1,14229
2915,No,Male,No,Research & Development,Non-Travel,Married,5,4258,4,3,2,52,19,0,26589
2916,No,Female,No,Research & Development,Travel_Frequently,Divorced,5,4364,2,2,0,26,1,3,5288
2917,No,Female,No,Research & Development,Travel_Rarely,Married,11,4335,8,7,1,29,27,4,25549
2918,Yes,Male,No,Sales,Travel_Rarely,Single,6,5326,4,3,2,26,8,6,3064
2919,No,Female,No,Research & Development,Travel_Rarely,Single,10,3280,4,2,3,34,1,2,13551
2920,No,Female,Yes,Research & Development,Travel_Rarely,Divorced,9,5485,5,3,4,54,19,9,22670
2921,No,Male,No,Sales,Travel_Frequently,Married,5,4342,4,2,1,27,8,0,24008
2922,No,Female,Yes,Research & Development,Travel_Rarely,Divorced,6,2782,5,3,3,37,10,0,19905
2923,No,Female,Yes,Research & Development,Travel_Frequently,Single,17,5980,15,7,12,38,2,6,26085
2924,No,Female,No,Research & Development,Travel_Rarely,Single,6,4381,6,5,3,34,2,1,7530
2925,No,Female,No,Sales,Travel_Rarely,Married,3,2572,3,2,2,35,8,1,20317
2926,No,Male,No,Research & Development,Travel_Rarely,Married,7,3833,2,2,2,30,1,3,24375
2927,No,Female,No,Research & Development,Travel_Frequently,Married,8,4244,8,7,7,40,2,1,9931
2928,No,Female,No,Sales,Travel_Rarely,Married,6,6500,3,2,2,34,8,5,13305
2929,No,Male,No,Research & Development,Travel_Frequently,Divorced,24,18430,24,7,9,42,8,1,16225
2930,Yes,Male,Yes,Research & Development,Travel_Rarely,Married,1,1601,0,0,0,23,6,1,3445
2931,No,Male,No,Research & Development,Non-Travel,Divorced,1,2694,1,0,0,24,9,1,26551
2932,No,Female,No,Research & Development,Travel_Rarely,Married,9,3149,5,2,4,52,11,8,21821
2933,No,Male,No,Research & Development,Travel_Rarely,Married,30,17639,4,3,3,50,2,5,6881
2934,Yes,Female,Yes,Research & Development,Travel_Rarely,Married,1,2319,1,0,0,29,1,1,6689
2935,No,Male,No,Research & Development,Travel_Rarely,Married,14,11691,13,9,7,33,7,0,25995
2936,Yes,Female,No,Sales,Travel_Rarely,Single,6,5324,3,2,2,33,16,5,26507
2937,No,Female,Yes,Research & Development,Travel_Rarely,Married,26,16752,26,14,0,47,2,1,12982
2938,No,Female,No,Research & Development,Travel_Rarely,Married,10,5228,9,7,5,36,1,0,23361
2939,No,Male,No,Research & Development,Travel_Rarely,Married,10,2700,10,7,7,29,23,1,23779
2940,Yes,Male,Yes,Research & Development,Travel_Rarely,Single,40,19246,31,15,8,58,2,7,25761
2941,No,Female,No,Research & Development,Travel_Rarely,Single,7,2506,2,2,2,35,1,3,13301
2942,No,Female,Yes,Research & Development,Travel_Rarely,Married,8,6062,4,3,2,42,1,9,4051
2943,Yes,Male,No,Research & Development,Travel_Rarely,Single,5,4382,2,2,1,28,2,6,16374
2944,No,Male,No,Human Resources,Travel_Rarely,Married,8,2143,5,2,4,36,13,4,25527
2945,No,Female,No,Research & Development,Travel_Rarely,Married,14,6162,14,13,8,32,4,1,19124
2946,No,Male,No,Research & Development,Travel_Frequently,Single,10,5094,1,0,0,40,16,6,11983
2947,No,Female,Yes,Research & Development,Travel_Rarely,Single,12,6877,0,0,0,30,2,5,20234
2948,No,Female,No,Research & Development,Travel_Rarely,Single,1,2274,1,0,0,45,2,1,6153
2949,No,Male,No,Research & Development,Travel_Rarely,Married,10,4434,9,8,8,42,29,1,11806
2950,No,Male,No,Research & Development,Travel_Frequently,Divorced,13,6288,4,3,2,38,12,2,4284
2951,No,Female,No,Research & Development,Travel_Frequently,Single,6,2553,5,2,3,34,16,1,8306
2952,Yes,Female,No,Sales,Travel_Rarely,Married,9,7654,9,8,7,49,11,1,5860
2953,Yes,Male,No,Sales,Travel_Rarely,Single,12,5160,9,7,3,55,2,4,21519
2954,No,Male,No,Research & Development,Travel_Rarely,Married,22,17159,4,1,0,43,14,6,5200
2955,No,Male,Yes,Research & Development,Travel_Rarely,Divorced,9,12808,9,8,8,27,5,1,8842
2956,No,Male,No,Research & Development,Travel_Rarely,Single,17,10221,8,5,6,35,7,3,18869
2957,No,Female,Yes,Sales,Travel_Rarely,Married,8,4779,8,7,5,28,2,1,3698
2958,No,Male,No,Human Resources,Travel_Rarely,Married,4,3737,3,2,2,34,3,0,2243
2959,Yes,Female,Yes,Research & Development,Travel_Frequently,Married,8,2366,8,7,7,26,5,1,20898
2960,No,Male,No,Research & Development,Non-Travel,Married,0,1706,0,0,0,27,3,1,16571
2961,No,Female,No,Sales,Travel_Rarely,Married,29,16307,20,6,17,51,26,2,5594
2962,No,Male,No,Research & Development,Travel_Rarely,Single,10,5933,5,2,3,44,4,9,5197
2963,No,Male,No,Research & Development,Travel_Rarely,Single,6,3424,4,3,1,25,2,7,21632
2964,No,Male,No,Sales,Travel_Rarely,Divorced,9,4037,9,8,8,33,1,1,21816
2965,No,Female,No,Research & Development,Travel_Rarely,Single,6,2559,6,5,1,35,27,1,17852
2966,No,Male,Yes,Sales,Travel_Rarely,Married,18,6201,18,14,11,36,1,1,2823
2967,No,Male,No,Sales,Travel_Rarely,Divorced,8,4403,5,2,3,32,13,2,9250
2968,No,Male,No,Research & Development,Travel_Frequently,Divorced,10,3761,5,4,3,30,5,9,2373
2969,No,Female,Yes,Sales,Travel_Rarely,Married,35,10934,5,2,4,53,7,7,20715
2970,No,Male,Yes,Sales,Travel_Rarely,Divorced,18,10761,5,4,2,45,9,4,19239
2971,No,Female,No,Research & Development,Travel_Rarely,Married,9,5175,5,3,3,32,8,5,22162
2972,No,Female,No,Research & Development,Travel_Frequently,Married,31,13826,9,8,0,52,25,3,19028
2973,No,Male,No,Sales,Travel_Rarely,Divorced,9,6334,1,0,0,37,16,4,24558
2974,No,Male,No,Human Resources,Travel_Rarely,Divorced,6,4936,5,1,4,28,8,1,23965
2975,No,Male,No,Research & Development,Travel_Rarely,Married,4,4775,2,2,2,22,1,6,19146
2976,No,Male,Yes,Research & Development,Travel_Rarely,Married,10,2818,3,2,2,44,8,2,5044
2977,No,Male,Yes,Research & Development,Travel_Frequently,Single,8,2515,2,1,2,42,2,5,9068
2978,No,Male,No,Human Resources,Travel_Rarely,Married,6,2342,5,4,3,36,8,0,8635
2979,No,Male,Yes,Sales,Travel_Rarely,Married,5,4194,5,3,3,25,3,1,14363
2980,No,Female,Yes,Research & Development,Travel_Rarely,Married,17,10685,17,14,15,35,9,1,23457
2981,Yes,Female,Yes,Research & Development,Travel_Frequently,Divorced,10,2022,10,2,8,35,25,1,16612
2982,No,Male,No,Research & Development,Non-Travel,Divorced,4,2314,3,0,2,32,1,0,9148
2983,No,Male,No,Sales,Travel_Rarely,Married,5,4256,5,2,3,25,4,1,18154
2984,No,Female,No,Research & Development,Travel_Rarely,Married,7,3580,4,2,2,49,1,2,10554
2985,No,Male,No,Research & Development,Non-Travel,Married,6,3162,5,2,4,24,4,0,10778
2986,No,Male,No,Sales,Travel_Frequently,Married,10,6524,10,8,3,32,5,1,8891
2987,No,Male,No,Sales,Travel_Rarely,Married,3,2899,2,2,2,38,9,0,12102
2988,No,Female,Yes,Research & Development,Travel_Rarely,Married,17,5231,5,3,3,42,3,2,23726
2989,No,Male,Yes,Research & Development,Travel_Rarely,Married,8,2356,6,4,2,31,11,3,14871
2990,Yes,Female,Yes,Sales,Travel_Rarely,Divorced,5,2800,3,2,2,29,1,6,23522
2991,No,Male,No,Sales,Travel_Rarely,Married,28,11836,2,0,2,53,8,5,22789
2992,No,Male,No,Research & Development,Travel_Rarely,Married,16,10903,13,10,8,35,25,3,9129
2993,No,Female,No,Sales,Travel_Frequently,Married,10,2973,5,4,0,37,21,5,21222
2994,No,Female,No,Research & Development,Travel_Rarely,Single,33,14275,12,9,8,53,23,6,20206
2995,No,Female,No,Research & Development,Travel_Frequently,Married,12,5562,5,2,2,43,1,4,21782
2996,No,Female,Yes,Sales,Travel_Rarely,Married,8,4537,7,6,7,47,2,0,17783
2997,No,Male,Yes,Sales,Non-Travel,Single,10,7642,10,0,9,37,19,1,4814
2998,No,Male,No,Research & Development,Non-Travel,Divorced,31,17924,31,6,7,50,2,1,4544
2999,No,Female,No,Human Resources,Travel_Rarely,Married,13,5204,5,4,4,39,2,8,7790
3000,No,Male,Yes,Human Resources,Travel_Rarely,Divorced,7,2277,4,3,3,33,3,3,22650
3001,Yes,Male,Yes,Research & Development,Travel_Rarely,Single,1,2795,1,0,1,32,25,1,18016
3002,No,Female,No,Research & Development,Travel_Rarely,Divorced,8,2532,4,3,3,29,7,6,6054
3003,No,Male,Yes,Research & Development,Travel_Rarely,Married,8,2559,8,7,1,44,9,1,7508
3004,No,Male,No,Sales,Travel_Rarely,Single,4,4908,4,2,2,28,5,1,24252
3005,Yes,Male,Yes,Research & Development,Travel_Frequently,Divorced,3,2380,1,0,0,58,2,9,13384
3006,No,Female,No,Research & Development,Travel_Rarely,Divorced,4,4765,1,0,0,43,8,4,23814
3007,Yes,Female,No,Sales,Travel_Rarely,Single,2,2044,2,2,2,20,2,1,22052
3008,Yes,Female,No,Research & Development,Travel_Rarely,Single,1,2693,1,0,0,21,18,1,8870
3009,No,Male,Yes,Research & Development,Travel_Rarely,Married,17,6586,16,8,11,36,14,0,4821
3010,No,Female,Yes,Sales,Travel_Rarely,Single,3,3294,3,2,2,47,2,1,13137
3011,Yes,Female,Yes,Research & Development,Travel_Rarely,Married,4,4171,3,2,2,22,3,0,10022
3012,Yes,Female,Yes,Research & Development,Travel_Rarely,Divorced,10,2778,7,7,0,41,2,4,17725
3013,No,Female,No,Research & Development,Travel_Rarely,Divorced,6,2377,2,2,2,28,9,5,9834
3014,Yes,Male,Yes,Research & Development,Travel_Rarely,Married,8,2404,2,2,2,39,6,7,4303
3015,No,Female,No,Research & Development,Travel_Rarely,Single,1,2318,1,1,0,27,4,1,17808
3016,No,Male,No,Research & Development,Travel_Rarely,Divorced,1,2008,1,0,0,34,10,1,6896
3017,No,Female,No,Sales,Travel_Rarely,Single,10,6244,5,4,3,42,14,7,7824
3018,No,Male,Yes,Research & Development,Travel_Rarely,Single,6,2799,3,2,2,33,1,3,3339
3019,No,Female,Yes,Research & Development,Travel_Rarely,Divorced,24,10552,6,0,4,58,5,2,9255
3020,No,Male,No,Sales,Travel_Rarely,Married,13,2329,7,7,2,31,7,3,11737
3021,No,Female,Yes,Research & Development,Travel_Rarely,Married,10,4014,10,6,7,35,21,1,19170
3022,No,Female,No,Research & Development,Travel_Rarely,Married,29,7403,26,9,7,49,8,4,22477
3023,No,Male,No,Research & Development,Travel_Rarely,Married,13,2259,0,0,0,48,20,4,5543
3024,No,Female,No,Sales,Non-Travel,Married,9,6932,9,8,0,31,20,1,24406
3025,No,Male,No,Research & Development,Travel_Rarely,Single,8,4678,6,2,1,36,7,2,23293
3026,No,Female,No,Research & Development,Travel_Rarely,Married,15,13582,15,12,11,38,1,1,16292
3027,No,Female,No,Research & Development,Non-Travel,Married,5,2332,3,0,2,32,1,6,3974
3028,Yes,Male,Yes,Sales,Travel_Rarely,Married,1,2413,1,0,0,25,19,1,18798
3029,No,Male,No,Sales,Travel_Rarely,Divorced,11,9705,1,0,0,40,10,2,20652
3030,No,Male,No,Sales,Travel_Frequently,Single,7,4294,7,7,7,26,1,1,11148
3031,No,Male,Yes,Research & Development,Travel_Rarely,Single,20,4721,18,13,17,41,6,2,3119
3032,No,Male,No,Research & Development,Travel_Rarely,Single,16,2519,11,8,9,36,2,4,12287
3033,Yes,Male,Yes,Sales,Travel_Rarely,Single,1,2121,1,0,0,19,21,1,9947
3034,Yes,Male,No,Research & Development,Travel_Rarely,Single,1,2973,1,0,0,20,4,1,13008
3035,No,Female,Yes,Research & Development,Travel_Rarely,Married,10,5855,9,7,5,31,12,0,17369
3036,No,Male,Yes,Research & Development,Travel_Frequently,Divorced,3,3617,1,1,0,40,9,8,25063
3037,No,Female,No,Research & Development,Travel_Rarely,Married,8,6725,8,7,3,32,3,1,13554
3038,Yes,Male,Yes,Sales,Travel_Rarely,Married,16,10325,16,7,7,36,3,1,5518
3039,No,Female,No,Research & Development,Travel_Rarely,Single,6,6949,5,0,4,33,1,0,12291
3040,Yes,Male,No,Sales,Travel_Rarely,Married,17,10609,14,1,7,37,1,5,14922
3041,No,Male,No,Research & Development,Non-Travel,Married,9,4447,9,7,8,45,4,1,23163
3042,No,Female,No,Sales,Travel_Frequently,Married,3,2157,3,1,2,29,20,1,18203
3043,No,Female,No,Sales,Travel_Rarely,Married,5,4601,5,2,0,35,18,1,6179
3044,No,Male,No,Research & Development,Travel_Rarely,Married,26,17099,9,8,8,52,1,2,13829
3045,Yes,Male,No,Research & Development,Travel_Rarely,Single,7,2479,1,0,0,58,2,4,26227
3046,No,Male,No,Sales,Travel_Rarely,Divorced,22,14852,17,13,2,53,2,6,13938
3047,No,Male,No,Sales,Travel_Rarely,Divorced,10,7264,8,4,7,30,8,5,9977
3048,No,Female,Yes,Sales,Non-Travel,Single,6,5666,5,3,3,38,10,1,19899
3049,No,Male,No,Sales,Travel_Rarely,Divorced,12,7823,10,9,8,35,3,6,6812
3050,No,Male,No,Sales,Travel_Rarely,Single,9,7880,8,7,7,39,2,0,2560
3051,Yes,Female,Yes,Sales,Non-Travel,Single,22,13194,1,0,0,40,24,4,17071
3052,No,Male,Yes,Research & Development,Travel_Frequently,Divorced,20,5067,19,10,7,47,16,1,6759
3053,No,Male,No,Sales,Non-Travel,Divorced,12,5079,7,7,7,36,8,4,25952
3054,Yes,Male,Yes,Research & Development,Non-Travel,Single,4,2321,3,2,2,31,9,0,10322
3055,No,Male,No,Sales,Non-Travel,Single,10,17444,10,8,0,33,17,1,20489
3056,Yes,Female,Yes,Research & Development,Travel_Rarely,Single,3,2404,0,0,0,29,10,6,11479
3057,No,Female,No,Research & Development,Travel_Rarely,Single,5,3452,3,2,2,33,13,3,17241
3058,No,Female,No,Research & Development,Travel_Rarely,Divorced,8,2270,5,3,2,45,1,3,11005
3059,No,Male,No,Research & Development,Travel_Rarely,Divorced,32,17399,5,4,3,50,1,9,6615
3060,No,Female,Yes,Research & Development,Travel_Frequently,Married,6,5488,6,5,2,33,1,1,20161
3061,No,Male,No,Research & Development,Travel_Frequently,Divorced,21,19419,18,16,11,41,9,2,3735
3062,No,Female,No,Research & Development,Travel_Rarely,Married,4,2811,2,2,2,27,16,9,12086
3063,No,Male,Yes,Research & Development,Non-Travel,Married,9,3633,9,8,8,45,23,1,14039
3064,No,Female,Yes,Sales,Travel_Rarely,Single,9,4163,9,0,7,47,4,1,8571
3065,Yes,Female,Yes,Research & Development,Travel_Rarely,Married,7,2132,5,2,1,30,22,4,11539
3066,No,Male,Yes,Research & Development,Travel_Rarely,Married,22,13973,12,11,5,50,24,3,4161
3067,No,Male,No,Research & Development,Travel_Frequently,Married,3,2684,2,1,2,38,10,0,12127
3068,No,Male,No,Research & Development,Travel_Rarely,Divorced,13,10845,8,7,7,46,7,6,24208
3069,No,Female,No,Research & Development,Travel_Rarely,Divorced,5,4377,4,2,2,24,17,1,24117
3070,Yes,Male,Yes,Research & Development,Travel_Rarely,Divorced,5,3743,4,2,2,35,14,1,10074
3071,No,Female,No,Research & Development,Travel_Frequently,Married,4,4148,4,3,3,31,1,1,11275
3072,No,Male,No,Research & Development,Non-Travel,Single,0,1051,0,0,0,18,5,1,13493
3073,No,Female,No,Research & Development,Travel_Rarely,Married,22,10739,10,7,8,54,17,8,13943
3074,No,Female,Yes,Research & Development,Travel_Rarely,Divorced,16,10388,16,10,1,35,25,1,6975
3075,No,Female,Yes,Research & Development,Travel_Rarely,Married,9,11416,8,7,7,30,8,0,17802
3076,Yes,Female,Yes,Research & Development,Travel_Rarely,Single,1,2600,1,0,0,20,11,1,18275
3077,Yes,Female,No,Research & Development,Travel_Frequently,Single,4,2422,3,2,2,30,5,0,25725
3078,No,Male,No,Research & Development,Travel_Rarely,Married,8,5472,8,7,3,26,2,1,3334
3079,No,Male,No,Research & Development,Travel_Rarely,Married,4,2451,4,3,1,22,8,1,6881
3080,No,Male,No,Research & Development,Travel_Rarely,Single,19,4240,2,2,2,48,6,2,13119
3081,No,Male,No,Research & Development,Travel_Rarely,Single,27,10999,15,11,8,48,4,7,22245
3082,No,Female,No,Research & Development,Travel_Rarely,Single,8,5003,2,2,1,41,7,6,23371
3083,No,Female,No,Research & Development,Travel_Rarely,Married,21,12742,21,6,8,39,1,1,7060
3084,No,Female,No,Research & Development,Travel_Rarely,Married,4,4227,3,2,2,27,2,0,4658
3085,No,Male,No,Research & Development,Travel_Rarely,Divorced,3,3917,3,2,2,35,10,1,9541
3086,No,Male,No,Sales,Travel_Rarely,Married,21,18303,1,0,0,42,5,6,7770
3087,No,Male,No,Research & Development,Travel_Rarely,Married,8,2380,1,0,0,50,9,4,20165
3088,No,Female,Yes,Research & Development,Travel_Rarely,Single,30,13726,5,3,3,59,2,3,21829
3089,Yes,Female,No,Research & Development,Travel_Rarely,Married,15,4777,1,0,0,37,11,5,14382
3090,No,Male,Yes,Research & Development,Travel_Frequently,Married,17,6385,8,7,7,55,18,3,12992
3091,No,Female,No,Research & Development,Non-Travel,Divorced,21,19973,21,16,10,41,7,1,20284
3092,No,Male,Yes,Sales,Travel_Rarely,Single,19,6861,1,0,0,38,3,8,4981
3093,Yes,Male,No,Sales,Non-Travel,Single,7,4969,2,2,2,26,29,8,21813
3094,Yes,Female,No,Sales,Travel_Rarely,Married,33,19845,32,14,9,52,2,1,25846
3095,No,Female,Yes,Sales,Travel_Rarely,Married,23,13320,12,11,11,44,28,3,11737
3096,No,Female,No,Sales,Non-Travel,Married,19,6347,18,7,13,50,1,0,24920
3097,Yes,Female,No,Research & Development,Travel_Rarely,Single,18,2743,17,13,14,36,16,1,8269
3098,No,Female,Yes,Research & Development,Travel_Frequently,Single,21,10880,21,6,8,39,22,1,5083
3099,No,Female,No,Sales,Non-Travel,Single,3,2342,2,2,2,33,8,0,21437
3100,No,Female,No,Sales,Travel_Rarely,Married,26,17650,9,3,1,45,11,3,5404
3101,No,Female,No,Research & Development,Non-Travel,Single,10,4025,8,7,7,32,29,9,11135
3102,No,Male,No,Sales,Travel_Rarely,Divorced,16,9725,15,1,9,34,1,0,12278
3103,No,Male,Yes,Sales,Travel_Rarely,Married,14,11904,6,4,4,59,1,3,11038
3104,No,Male,No,Human Resources,Travel_Rarely,Single,6,2177,6,3,4,45,24,1,8318
3105,No,Female,No,Sales,Travel_Frequently,Married,30,7525,15,7,12,53,2,2,23537
3106,Yes,Male,No,Research & Development,Travel_Rarely,Divorced,9,4834,1,0,0,36,15,7,7858
3107,Yes,Male,Yes,Research & Development,Travel_Frequently,Married,6,2042,3,2,2,26,2,6,15346
3108,No,Female,Yes,Sales,Travel_Rarely,Married,1,2220,1,1,0,34,10,1,18410
3109,No,Male,No,Sales,Travel_Rarely,Married,1,1052,1,0,0,28,10,1,23384
3110,No,Male,No,Research & Development,Travel_Frequently,Married,8,2821,2,2,2,38,3,3,2997
3111,No,Male,Yes,Research & Development,Travel_Rarely,Married,29,19237,8,1,7,50,2,2,12853
3112,No,Female,No,Research & Development,Travel_Rarely,Single,8,4107,4,3,1,37,3,3,13848
3113,No,Male,No,Sales,Travel_Rarely,Married,8,8396,7,7,5,40,26,1,22217
3114,No,Female,No,Research & Development,Travel_Frequently,Divorced,5,2007,5,3,3,26,1,1,25265
3115,No,Male,No,Research & Development,Travel_Rarely,Divorced,23,19627,2,2,2,46,1,9,21445
3116,No,Female,No,Sales,Travel_Rarely,Married,13,10686,9,4,0,54,2,6,8392
3117,No,Female,No,Research & Development,Travel_Frequently,Married,18,2942,5,4,3,56,9,2,12154
3118,No,Female,No,Research & Development,Travel_Rarely,Single,15,8858,14,8,8,36,12,0,15669
3119,No,Male,No,Research & Development,Non-Travel,Single,31,16756,9,7,2,55,2,7,17323
3120,No,Male,No,Sales,Travel_Rarely,Divorced,18,10798,1,0,0,43,25,5,5268
3121,Yes,Female,Yes,Sales,Travel_Frequently,Single,2,2323,2,2,2,20,9,1,17205
3122,Yes,Female,No,Research & Development,Travel_Rarely,Single,1,1416,1,0,0,21,10,1,17258
3123,No,Female,Yes,Research & Development,Travel_Rarely,Divorced,19,4615,16,13,7,46,8,8,21029
3124,Yes,Male,Yes,Research & Development,Travel_Rarely,Married,18,2461,10,0,7,51,4,9,10332
3125,Yes,Male,No,Research & Development,Non-Travel,Single,10,8722,10,7,9,28,24,1,12355
3126,No,Male,No,Research & Development,Travel_Rarely,Married,6,3955,5,3,3,26,1,1,11141
3127,No,Male,No,Research & Development,Travel_Rarely,Married,7,9957,6,2,2,30,20,0,9096
3128,No,Female,No,Research & Development,Travel_Rarely,Married,10,3376,10,6,8,41,7,1,18863
3129,No,Female,No,Research & Development,Travel_Rarely,Married,20,8823,19,9,9,38,17,0,24608
3130,No,Male,No,Research & Development,Travel_Rarely,Married,14,10322,11,10,1,40,20,4,26542
3131,No,Male,No,Research & Development,Non-Travel,Married,3,4621,3,2,2,27,8,1,5869
3132,No,Male,No,Research & Development,Travel_Frequently,Married,23,10976,3,2,2,55,2,3,15813
3133,No,Female,No,Research & Development,Travel_Rarely,Single,10,3660,8,7,7,28,10,3,7909
3134,Yes,Male,No,Human Resources,Travel_Rarely,Married,24,10482,20,6,6,44,1,9,2326
3135,No,Male,No,Research & Development,Travel_Rarely,Divorced,9,7119,3,2,2,33,5,4,21214
3136,Yes,Male,Yes,Sales,Travel_Rarely,Single,9,9582,8,7,7,35,4,0,10333
3137,Yes,Female,No,Research & Development,Travel_Frequently,Single,14,4508,13,7,8,33,29,1,3129
3138,No,Male,No,Research & Development,Travel_Rarely,Divorced,4,2207,4,2,2,28,15,1,22482
3139,No,Male,No,Research & Development,Travel_Frequently,Single,7,7756,6,2,4,34,3,0,22266
3140,No,Female,Yes,Sales,Travel_Rarely,Divorced,8,6694,1,0,0,37,10,2,24223
3141,Yes,Male,Yes,Research & Development,Travel_Rarely,Married,7,3691,7,7,6,25,4,1,4605
3142,Yes,Male,No,Research & Development,Travel_Rarely,Divorced,1,2377,1,1,0,26,21,1,19373
3143,Yes,Male,Yes,Research & Development,Travel_Rarely,Single,5,2313,2,2,2,33,25,4,2993
3144,No,Male,No,Research & Development,Travel_Rarely,Married,23,17665,22,6,7,42,2,0,14399
3145,Yes,Male,No,Research & Development,Travel_Frequently,Divorced,1,2596,1,0,0,28,1,1,7160
3146,Yes,Male,Yes,Sales,Travel_Frequently,Single,5,4728,0,0,0,50,1,3,17251
3147,No,Female,No,Sales,Travel_Frequently,Married,4,4302,3,2,2,33,7,0,13401
3148,No,Male,No,Research & Development,Non-Travel,Married,6,2979,0,0,0,34,3,3,22478
3149,No,Male,No,Research & Development,Non-Travel,Single,27,16885,5,4,1,48,1,2,16154
3150,No,Female,No,Sales,Non-Travel,Married,15,5593,15,10,12,45,9,1,17970
3151,No,Male,No,Research & Development,Travel_Rarely,Single,18,10445,8,6,0,52,7,7,15322
3152,No,Male,Yes,Sales,Travel_Rarely,Divorced,9,8740,8,7,7,38,10,0,5569
3153,No,Female,No,Research & Development,Travel_Rarely,Divorced,11,2514,7,5,7,29,28,4,26968
3154,No,Female,No,Research & Development,Travel_Rarely,Divorced,10,7655,9,7,7,28,3,0,8039
3155,No,Male,No,Sales,Travel_Rarely,Married,23,17465,12,9,9,46,3,3,15596
3156,No,Male,No,Sales,Travel_Rarely,Single,10,7351,1,0,0,38,2,7,20619
3157,No,Female,No,Research & Development,Travel_Frequently,Married,18,10820,8,7,1,43,27,8,11535
3158,Yes,Male,No,Research & Development,Travel_Frequently,Divorced,21,12169,18,7,5,39,2,7,13547
3159,No,Male,No,Research & Development,Travel_Rarely,Single,21,19626,20,7,9,40,14,1,17544
3160,No,Female,Yes,Research & Development,Travel_Rarely,Single,2,2070,2,2,2,21,1,1,25326
3161,No,Male,No,Research & Development,Non-Travel,Single,9,6782,5,4,3,39,9,9,8770
3162,No,Male,No,Research & Development,Non-Travel,Single,18,7779,11,9,9,36,18,2,23238
3163,No,Male,No,Sales,Travel_Frequently,Married,3,2791,2,2,2,31,20,0,21981
3164,No,Male,No,Research & Development,Travel_Rarely,Married,6,3201,5,3,4,28,2,0,19911
3165,No,Male,No,Sales,Travel_Frequently,Divorced,5,4968,5,2,2,35,11,1,18500
3166,No,Male,No,Sales,Travel_Rarely,Married,22,13120,9,8,3,49,8,6,11879
3167,No,Male,No,Research & Development,Travel_Frequently,Single,5,4033,3,2,2,34,2,2,15834
3168,No,Female,No,Research & Development,Travel_Frequently,Divorced,8,3291,7,5,1,29,10,0,17940
3169,No,Male,No,Research & Development,Travel_Rarely,Single,16,4272,1,0,0,42,29,4,9558
3170,No,Male,Yes,Research & Development,Travel_Rarely,Married,10,5056,10,7,2,29,8,1,17689
3171,No,Male,No,Human Resources,Travel_Rarely,Married,7,2844,7,6,0,38,1,1,6004
3172,No,Male,Yes,Research & Development,Travel_Frequently,Divorced,3,2703,3,1,2,28,6,1,22088
3173,Yes,Male,No,Research & Development,Non-Travel,Single,0,1904,0,0,0,18,8,1,13556
3174,Yes,Female,Yes,Sales,Travel_Rarely,Single,6,8224,5,2,3,33,9,0,18385
3175,No,Male,Yes,Research & Development,Travel_Rarely,Married,6,4766,1,0,0,41,12,3,9051
3176,Yes,Male,No,Research & Development,Travel_Frequently,Married,2,2610,2,2,2,31,15,1,6233
3177,No,Female,No,Research & Development,Travel_Rarely,Divorced,9,5731,6,2,3,37,25,7,17171
3178,No,Male,No,Research & Development,Travel_Rarely,Married,4,2539,4,2,2,27,6,1,7950
3179,No,Female,No,Sales,Travel_Rarely,Married,6,5714,6,5,3,34,9,1,5829
3180,No,Male,No,Human Resources,Travel_Rarely,Single,6,4323,5,4,4,35,8,1,7108
3181,Yes,Female,No,Sales,Travel_Rarely,Married,11,7336,11,8,10,29,23,1,11162
3182,No,Female,No,Research & Development,Travel_Frequently,Single,20,13499,18,7,13,40,9,9,13782
3183,Yes,Male,Yes,Sales,Travel_Frequently,Single,22,13758,21,9,14,42,12,0,2447
3184,No,Male,No,Sales,Travel_Rarely,Single,9,5155,6,4,5,42,4,7,2253
3185,No,Male,No,Research & Development,Travel_Rarely,Married,10,2258,8,0,7,35,1,6,16340
3186,No,Male,No,Research & Development,Travel_Rarely,Single,6,3597,4,3,2,24,24,8,6409
3187,Yes,Female,Yes,Research & Development,Travel_Rarely,Married,1,2515,1,1,0,28,12,1,22955
3188,No,Male,No,Research & Development,Travel_Rarely,Married,8,4420,8,7,7,26,3,1,13421
3189,No,Male,No,Sales,Travel_Rarely,Married,10,6578,10,3,4,30,10,1,2706
3190,No,Female,Yes,Research & Development,Travel_Frequently,Married,16,4422,1,1,0,40,26,3,21203
3191,No,Male,No,Research & Development,Travel_Rarely,Divorced,15,10274,7,7,4,35,2,2,19588
3192,No,Male,No,Research & Development,Travel_Frequently,Single,14,5343,13,9,9,34,1,0,25755
3193,No,Male,No,Research & Development,Travel_Frequently,Married,2,2376,2,2,2,35,4,1,26537
3194,Yes,Female,No,Sales,Travel_Rarely,Single,7,5346,4,3,3,43,9,8,9489
3195,No,Female,No,Sales,Non-Travel,Divorced,1,2827,1,0,0,32,2,1,14947
3196,No,Female,No,Research & Development,Travel_Rarely,Divorced,28,19943,5,2,2,56,4,4,18575
3197,No,Female,No,Research & Development,Travel_Rarely,Married,10,3131,10,8,8,29,6,1,26342
3198,No,Male,No,Research & Development,Travel_Rarely,Single,1,2552,1,1,0,19,9,1,7172
3199,No,Female,Yes,Research & Development,Travel_Rarely,Married,7,4477,3,2,2,45,7,4,20100
3200,No,Female,No,Research & Development,Travel_Rarely,Married,14,6474,14,8,11,37,1,1,9961
3201,No,Male,No,Research & Development,Travel_Rarely,Single,2,3033,2,2,2,20,3,1,12828
3202,Yes,Male,Yes,Research & Development,Travel_Rarely,Single,6,2936,6,4,2,44,10,1,10826
3203,No,Female,No,Research & Development,Travel_Rarely,Divorced,26,18606,7,7,7,53,7,3,18640
3204,No,Female,Yes,Research & Development,Travel_Rarely,Married,6,2168,5,4,3,29,15,0,26933
3205,Yes,Male,Yes,Research & Development,Travel_Frequently,Married,1,2853,0,0,0,22,3,0,4223
3206,No,Female,No,Sales,Travel_Rarely,Married,28,17048,26,15,9,46,2,8,24097
3207,No,Male,No,Research & Development,Non-Travel,Single,6,2290,0,0,0,44,17,2,4279
3208,No,Male,No,Human Resources,Travel_Rarely,Married,5,3600,5,4,4,33,2,1,8429
3209,Yes,Male,No,Research & Development,Non-Travel,Divorced,5,2107,1,0,0,41,5,6,20293
3210,No,Male,No,Sales,Travel_Rarely,Divorced,8,4115,4,3,3,30,29,8,13192
3211,No,Male,No,Sales,Travel_Frequently,Married,5,4327,0,0,0,40,2,5,25440
3212,No,Female,No,Research & Development,Travel_Frequently,Married,32,17856,2,2,2,50,2,2,9490
3213,No,Male,No,Research & Development,Travel_Rarely,Married,6,3196,6,5,3,28,19,1,12449
3214,No,Male,No,Research & Development,Travel_Rarely,Married,25,19081,4,2,3,46,15,5,10849
3215,No,Male,Yes,Sales,Travel_Rarely,Married,15,8966,7,7,7,35,17,3,21026
3216,Yes,Female,No,Research & Development,Travel_Rarely,Married,1,2210,1,0,0,24,17,1,3372
3217,No,Female,No,Sales,Travel_Frequently,Married,10,4539,10,7,1,33,25,1,4905
3218,No,Male,No,Research & Development,Travel_Rarely,Divorced,7,2741,7,7,7,36,6,1,6865
3219,No,Male,No,Research & Development,Travel_Rarely,Divorced,10,3491,10,7,9,30,7,1,11309
3220,No,Male,No,Research & Development,Travel_Rarely,Single,20,4541,20,11,17,44,29,1,7744
3221,No,Male,No,Sales,Travel_Rarely,Single,2,2678,2,1,2,20,21,1,5050
3222,No,Male,No,Research & Development,Travel_Rarely,Divorced,12,7379,6,3,4,46,2,2,17433
3223,No,Male,No,Human Resources,Non-Travel,Married,10,6272,4,3,3,42,2,7,12858
3224,No,Male,Yes,Sales,Travel_Rarely,Divorced,12,5220,11,7,9,60,7,0,10893
3225,No,Female,No,Research & Development,Travel_Frequently,Married,2,2743,2,2,2,32,13,1,7331
3226,No,Female,Yes,Research & Development,Travel_Frequently,Single,10,4998,8,7,7,32,2,4,2338
3227,No,Female,Yes,Research & Development,Travel_Rarely,Divorced,17,10252,7,7,7,36,1,2,4235
3228,No,Male,No,Research & Development,Travel_Rarely,Married,15,2781,14,10,10,33,9,0,6311
3229,No,Female,No,Sales,Travel_Rarely,Divorced,7,6852,5,1,3,40,10,7,11591
3230,No,Male,No,Sales,Travel_Rarely,Single,5,4950,4,3,1,25,10,0,20623
3231,No,Male,Yes,Research & Development,Travel_Rarely,Married,12,3579,11,9,7,30,1,0,9369
3232,No,Female,Yes,Research & Development,Travel_Frequently,Married,20,13191,1,0,0,42,26,3,23281
3233,No,Female,Yes,Sales,Non-Travel,Married,16,10377,13,2,12,35,8,4,13755
3234,No,Male,Yes,Research & Development,Travel_Rarely,Married,9,2235,9,7,8,27,14,1,14377
3235,No,Female,No,Research & Development,Travel_Frequently,Divorced,33,10502,5,4,4,54,1,7,9659
3236,No,Female,No,Research & Development,Travel_Rarely,Married,10,2011,10,5,7,44,2,1,19982
3237,Yes,Female,Yes,Research & Development,Non-Travel,Single,1,1859,1,1,0,19,10,1,6148
3238,No,Female,No,Research & Development,Travel_Rarely,Divorced,3,3760,3,2,2,29,1,1,5598
3239,No,Male,No,Research & Development,Travel_Rarely,Married,36,17779,10,9,9,54,3,3,23474
3240,No,Male,Yes,Research & Development,Travel_Rarely,Married,6,6833,6,5,1,31,11,1,17089
3241,No,Female,No,Research & Development,Travel_Rarely,Single,10,6812,10,9,8,31,24,1,17198
3242,No,Female,No,Sales,Travel_Rarely,Single,13,5171,6,1,5,59,3,5,16490
3243,No,Male,No,Research & Development,Travel_Rarely,Married,25,19740,8,7,7,43,3,3,18625
3244,No,Male,No,Research & Development,Travel_Rarely,Married,23,18711,1,0,0,49,4,2,12124
3245,No,Male,No,Research & Development,Travel_Frequently,Married,12,3692,11,10,7,36,3,1,9256
3246,No,Male,No,Research & Development,Travel_Rarely,Single,7,2559,1,0,0,48,2,5,16620
3247,No,Male,No,Research & Development,Travel_Rarely,Divorced,5,2517,5,3,3,27,4,1,3208
3248,No,Male,Yes,Research & Development,Travel_Rarely,Divorced,6,6623,6,0,0,29,7,1,4204
3249,No,Male,No,Research & Development,Travel_Rarely,Single,25,18265,1,0,0,48,1,6,8733
3250,No,Female,No,Research & Development,Travel_Rarely,Divorced,9,16124,7,7,7,29,1,3,3423
3251,No,Female,No,Research & Development,Travel_Rarely,Married,2,2585,1,0,0,34,20,0,21643
3252,No,Male,No,Sales,Travel_Rarely,Married,26,18213,22,9,10,44,5,7,8751
3253,No,Male,Yes,Sales,Travel_Rarely,Divorced,10,8380,9,8,8,33,10,0,21708
3254,No,Female,Yes,Research & Development,Travel_Rarely,Single,1,2994,1,0,1,19,25,1,21221
3255,No,Male,No,Research & Development,Travel_Rarely,Married,1,1223,1,0,1,23,1,1,16901
3256,Yes,Male,Yes,Sales,Travel_Frequently,Single,1,1118,1,0,0,25,24,1,8040
3257,No,Male,Yes,Research & Development,Travel_Rarely,Single,8,2875,8,5,2,26,4,1,9973
3258,Yes,Female,Yes,Sales,Travel_Rarely,Single,26,18824,24,10,11,45,2,2,2493
3259,No,Male,Yes,Research & Development,Non-Travel,Divorced,34,13577,33,9,0,55,8,1,25592
3260,Yes,Female,No,Research & Development,Travel_Frequently,Single,2,2625,2,2,2,21,10,1,25308
3261,No,Female,No,Sales,Travel_Rarely,Married,26,18789,11,4,8,46,4,2,9946
3262,No,Female,Yes,Sales,Travel_Rarely,Single,4,4538,3,2,2,34,2,0,6039
3263,No,Male,Yes,Sales,Travel_Frequently,Divorced,31,19847,29,10,10,51,9,4,19196
3264,No,Male,No,Research & Development,Travel_Rarely,Single,25,10512,9,7,4,59,18,6,20002
3265,No,Female,No,Research & Development,Travel_Frequently,Divorced,15,4444,11,8,10,34,19,4,22534
3266,No,Male,Yes,Research & Development,Travel_Frequently,Single,5,2154,4,2,2,28,1,0,6842
3267,No,Male,No,Research & Development,Travel_Rarely,Divorced,26,19190,25,9,13,44,4,1,17477
3268,No,Male,No,Human Resources,Travel_Frequently,Married,14,4490,10,9,8,34,11,4,21833
3269,No,Male,Yes,Research & Development,Travel_Rarely,Married,4,3506,3,2,2,35,6,0,6020
3270,No,Female,Yes,Research & Development,Travel_Rarely,Married,18,2372,1,0,0,42,7,6,5628
3271,No,Female,No,Sales,Travel_Rarely,Single,23,10231,21,7,17,43,4,3,20364
3272,No,Female,Yes,Research & Development,Travel_Rarely,Single,18,5410,16,14,12,36,2,9,2323
3273,Yes,Female,No,Research & Development,Travel_Rarely,Married,10,7978,10,7,5,44,15,1,14075
3274,No,Male,Yes,Research & Development,Travel_Frequently,Married,2,3867,2,2,2,28,2,1,14222
3275,No,Female,No,Research & Development,Travel_Frequently,Single,8,2838,7,0,7,51,6,0,4257
3276,No,Female,Yes,Research & Development,Non-Travel,Single,10,4695,8,4,7,30,9,7,12858
3277,Yes,Female,Yes,Research & Development,Travel_Rarely,Divorced,10,3339,7,7,7,29,7,3,17285
3278,No,Male,No,Research & Development,Travel_Rarely,Single,5,2080,3,2,2,28,1,2,4732
3279,No,Female,No,Research & Development,Travel_Rarely,Single,2,2096,2,2,1,25,1,1,18830
3280,No,Male,No,Sales,Travel_Rarely,Married,10,6209,10,7,8,32,8,1,11693
3281,No,Female,No,Research & Development,Travel_Frequently,Single,22,18061,0,0,0,45,25,3,13035
3282,No,Female,Yes,Research & Development,Travel_Rarely,Divorced,21,17123,19,9,2,39,13,6,17334
3283,No,Male,No,Research & Development,Travel_Rarely,Divorced,2,2372,2,2,2,58,23,1,26076
3284,Yes,Male,No,Research & Development,Travel_Rarely,Married,10,4883,10,4,1,32,7,1,22845
3285,Yes,Male,No,Research & Development,Travel_Rarely,Single,6,3904,5,2,3,39,23,0,22154
3286,No,Female,No,Research & Development,Travel_Rarely,Married,10,4627,9,2,7,30,6,0,23631
3287,No,Female,No,Research & Development,Travel_Rarely,Married,10,7094,7,7,7,36,10,3,5747
3288,No,Female,No,Human Resources,Travel_Rarely,Single,10,3423,7,6,7,46,1,6,22957
3289,No,Female,No,Research & Development,Non-Travel,Married,10,6674,9,8,5,28,1,0,16392
3290,No,Female,Yes,Research & Development,Travel_Rarely,Married,25,16880,3,2,2,50,28,4,22422
3291,Yes,Male,Yes,Sales,Travel_Rarely,Single,9,9094,5,4,0,40,25,2,17235
3292,Yes,Male,Yes,Sales,Travel_Rarely,Single,10,8446,8,7,7,52,5,9,21534
3293,No,Female,Yes,Research & Development,Travel_Rarely,Married,9,11916,9,1,8,30,17,1,25927
3294,No,Male,No,Research & Development,Travel_Rarely,Single,9,4534,8,7,7,39,18,0,13352
3295,No,Female,Yes,Sales,Non-Travel,Divorced,10,9852,10,8,6,31,2,1,8935
3296,No,Male,No,Sales,Non-Travel,Single,19,6151,19,2,9,41,10,1,22074
3297,Yes,Female,Yes,Sales,Travel_Frequently,Single,3,2302,3,2,2,31,1,1,8319
3298,Yes,Male,No,Research & Development,Travel_Rarely,Married,10,2362,3,2,2,44,3,4,14669
3299,No,Male,Yes,Research & Development,Non-Travel,Married,21,17861,20,8,10,42,2,0,26582
3300,No,Female,No,Research & Development,Travel_Rarely,Married,23,19187,19,9,11,55,2,4,6992
3301,No,Male,No,Human Resources,Travel_Rarely,Single,36,19717,7,3,7,56,8,6,4022
3302,No,Male,No,Research & Development,Non-Travel,Divorced,6,3544,4,2,0,40,16,9,8532
3303,No,Male,No,Research & Development,Travel_Rarely,Divorced,10,8500,9,7,6,34,9,0,5494
3304,No,Male,No,Research & Development,Travel_Rarely,Single,9,4661,9,8,8,40,2,1,22455
3305,No,Female,No,Sales,Travel_Frequently,Divorced,10,4103,9,3,7,41,1,0,4297
3306,No,Male,Yes,Research & Development,Travel_Frequently,Single,9,4249,9,6,1,35,4,1,2690
3307,No,Male,Yes,Human Resources,Travel_Rarely,Divorced,33,14026,33,9,10,51,5,1,17588
3308,No,Female,No,Sales,Travel_Rarely,Divorced,11,6893,7,7,7,38,2,3,19461
3309,No,Female,No,Sales,Travel_Rarely,Single,10,6125,10,8,6,34,15,1,23553
3310,No,Male,No,Research & Development,Travel_Rarely,Married,7,3669,3,2,2,25,19,3,9075
3311,Yes,Female,Yes,Research & Development,Travel_Rarely,Married,31,10008,10,9,9,58,7,7,12023
3312,No,Male,No,Research & Development,Travel_Rarely,Married,7,2387,4,2,3,40,1,3,6762
3313,No,Female,No,Sales,Travel_Frequently,Married,17,4639,15,7,13,36,7,2,2261
3314,No,Male,No,Research & Development,Travel_Rarely,Single,11,7898,10,9,8,48,4,1,18706
3315,No,Female,No,Sales,Travel_Rarely,Married,5,2534,1,0,0,27,11,8,6527
3316,No,Female,No,Research & Development,Travel_Rarely,Single,29,13142,5,2,3,51,11,3,24439
3317,No,Female,No,Research & Development,Non-Travel,Single,0,1611,0,0,0,18,1,1,19305
3318,No,Female,No,Research & Development,Travel_Rarely,Married,10,5363,9,7,0,35,1,0,10846
3319,No,Male,No,Sales,Travel_Frequently,Single,8,5071,6,2,0,27,2,3,20392
3320,Yes,Male,Yes,Sales,Travel_Rarely,Single,24,13695,19,7,8,55,13,6,9277
3321,No,Male,Yes,Research & Development,Travel_Rarely,Married,33,13402,19,16,9,56,23,4,18235
3322,No,Female,No,Research & Development,Non-Travel,Divorced,5,2029,5,4,0,34,26,1,15891
3323,No,Female,No,Research & Development,Travel_Rarely,Divorced,15,6377,12,11,8,40,2,5,13888
3324,No,Male,No,Research & Development,Travel_Rarely,Married,10,5429,8,7,7,34,29,4,17491
3325,Yes,Female,No,Sales,Travel_Frequently,Single,3,2785,1,0,0,31,2,7,11882
3326,Yes,Female,Yes,Sales,Travel_Frequently,Married,5,4614,4,2,2,35,18,0,23288
3327,No,Male,No,Research & Development,Travel_Frequently,Divorced,4,2610,4,2,3,38,7,1,15748
3328,No,Female,No,Research & Development,Travel_Rarely,Single,14,6687,14,11,11,34,2,1,6163
3329,No,Male,No,Sales,Travel_Rarely,Married,5,4724,5,3,4,28,26,1,24232
3330,Yes,Male,Yes,Research & Development,Travel_Rarely,Married,10,6179,10,2,7,31,22,1,21057
3331,No,Male,Yes,Sales,Travel_Rarely,Married,8,6120,5,4,4,39,21,3,3567
3332,No,Male,No,Sales,Travel_Frequently,Married,14,10596,4,2,2,51,2,2,15395
3333,No,Female,Yes,Research & Development,Travel_Frequently,Divorced,12,5467,6,2,3,41,22,3,13953
3334,No,Male,Yes,Research & Development,Travel_Rarely,Married,8,2996,6,4,3,37,4,7,5182
3335,No,Male,No,Sales,Travel_Frequently,Married,8,9998,5,4,2,33,5,6,19293
3336,No,Male,Yes,Sales,Travel_Rarely,Married,4,4078,3,2,2,32,2,0,20497
3337,No,Male,No,Research & Development,Non-Travel,Married,13,10920,6,4,5,39,25,3,3449
3338,No,Male,No,Sales,Travel_Rarely,Married,6,6232,3,2,2,25,18,2,12477
3339,No,Female,Yes,Research & Development,Travel_Frequently,Married,24,13247,5,3,2,52,28,2,9731
3340,No,Female,Yes,Research & Development,Travel_Rarely,Single,20,4081,20,7,8,43,6,1,20003
3341,No,Female,Yes,Sales,Travel_Rarely,Married,6,5769,6,2,4,27,10,1,7100
3342,Yes,Female,Yes,Research & Development,Travel_Rarely,Single,8,2394,8,2,7,27,17,1,25681
3343,No,Male,No,Research & Development,Travel_Rarely,Single,5,3904,4,3,1,26,2,0,4050
3344,No,Female,No,Human Resources,Travel_Rarely,Married,21,16799,20,7,9,42,10,0,16616
3345,No,Female,No,Research & Development,Travel_Rarely,Married,12,2950,5,4,4,52,8,9,17363
3346,No,Female,No,Research & Development,Travel_Rarely,Single,8,3629,3,2,2,37,11,4,19106
3347,No,Male,No,Research & Development,Travel_Frequently,Single,10,9362,2,2,2,35,18,2,19944
3348,No,Male,No,Research & Development,Travel_Rarely,Married,7,3229,3,2,2,25,1,4,4910
3349,No,Male,No,Research & Development,Travel_Rarely,Single,8,3578,7,7,7,26,7,0,23577
3350,No,Male,No,Human Resources,Travel_Rarely,Single,10,7988,10,9,9,29,17,1,9769
3351,Yes,Male,No,Research & Development,Travel_Frequently,Single,20,4284,4,3,3,49,28,3,22710
3352,Yes,Female,Yes,Research & Development,Travel_Frequently,Single,9,7553,8,7,7,29,14,0,22930
3353,No,Female,No,Research & Development,Travel_Rarely,Single,29,17328,20,7,7,54,1,6,5652
3354,No,Female,Yes,Research & Development,Travel_Rarely,Married,32,19701,9,8,5,58,1,3,22456
3355,No,Male,No,Research & Development,Travel_Rarely,Divorced,31,14732,7,7,0,55,1,2,12414
3356,No,Female,Yes,Sales,Travel_Rarely,Single,15,9278,5,4,1,36,3,3,20763
3357,Yes,Female,No,Sales,Travel_Frequently,Single,1,1359,1,0,0,31,1,1,16154
3358,No,Female,No,Sales,Travel_Rarely,Divorced,8,4779,3,2,2,30,7,7,12761
3359,No,Female,No,Research & Development,Travel_Rarely,Single,9,16422,3,2,0,31,8,3,8847
3360,No,Male,No,Research & Development,Travel_Frequently,Divorced,10,2996,4,3,3,34,1,5,20284
3361,Yes,Female,No,Research & Development,Travel_Rarely,Single,1,1261,1,0,0,31,8,1,22262
3362,No,Male,No,Research & Development,Travel_Rarely,Married,6,2099,5,0,4,27,11,0,7679
3363,No,Male,No,Research & Development,Travel_Rarely,Single,10,5810,10,4,8,36,4,1,22604
3364,No,Female,No,Sales,Travel_Rarely,Married,11,5647,3,2,2,36,16,4,13494
3365,No,Male,No,Research & Development,Travel_Rarely,Married,17,3420,6,5,2,47,1,7,10205
3366,Yes,Male,No,Sales,Travel_Rarely,Married,6,4400,3,2,2,25,9,3,15182
3367,No,Male,No,Research & Development,Non-Travel,Single,7,3500,6,5,3,37,5,0,25470
3368,No,Female,No,Research & Development,Travel_Rarely,Married,5,2066,3,2,0,56,1,2,10494
3369,No,Female,No,Research & Development,Travel_Rarely,Married,26,17169,20,17,6,47,2,3,26703
3370,No,Female,Yes,Sales,Travel_Rarely,Married,5,4162,5,4,3,24,4,1,15211
3371,No,Male,No,Sales,Travel_Rarely,Married,7,9204,4,3,3,32,7,4,23343
3372,No,Female,No,Research & Development,Travel_Rarely,Married,7,3294,5,4,2,34,1,5,3708
3373,No,Male,Yes,Research & Development,Travel_Rarely,Married,7,2127,4,2,3,41,5,2,5561
3374,No,Male,No,Research & Development,Non-Travel,Divorced,11,3975,8,7,7,40,9,3,23099
3375,No,Male,No,Sales,Travel_Rarely,Divorced,13,10793,13,7,9,31,8,1,8386
3376,Yes,Male,No,Sales,Travel_Rarely,Divorced,28,10096,7,7,3,46,9,4,15986
3377,Yes,Female,Yes,Research & Development,Non-Travel,Single,11,3646,1,0,0,39,2,2,17181
3378,Yes,Female,No,Research & Development,Travel_Frequently,Single,10,7446,10,8,7,31,1,1,8931
3379,No,Male,Yes,Research & Development,Travel_Rarely,Divorced,24,10851,7,7,7,45,20,2,19863
3380,No,Female,No,Human Resources,Travel_Rarely,Single,8,2109,3,2,2,31,8,9,24609
3381,Yes,Male,Yes,Research & Development,Travel_Frequently,Married,7,3722,2,2,2,31,2,6,21081
3382,No,Male,Yes,Research & Development,Travel_Rarely,Married,10,9380,3,1,2,45,29,4,14720
3383,No,Male,No,Sales,Travel_Rarely,Divorced,15,5486,2,2,2,48,7,4,24795
3384,Yes,Female,No,Human Resources,Travel_Rarely,Married,2,2742,2,2,2,34,9,1,3072
3385,No,Male,No,Research & Development,Non-Travel,Divorced,16,13757,9,8,8,40,8,2,25178
3386,No,Male,No,Sales,Travel_Rarely,Single,6,8463,5,4,3,28,5,0,23490
3387,No,Male,No,Research & Development,Non-Travel,Single,7,3162,5,2,3,44,5,3,7973
3388,No,Male,No,Research & Development,Travel_Rarely,Single,35,16598,9,8,8,53,2,4,19764
3389,No,Male,No,Research & Development,Travel_Rarely,Married,20,6651,3,2,2,49,5,2,21534
3390,No,Male,No,Research & Development,Travel_Rarely,Divorced,8,2345,3,1,2,40,2,2,8045
3391,No,Male,No,Research & Development,Travel_Rarely,Single,6,3420,5,2,3,44,20,1,21158
3392,No,Male,No,Sales,Travel_Frequently,Married,5,4373,4,3,3,33,7,0,17456
3393,No,Male,No,Sales,Travel_Rarely,Single,15,4759,13,9,12,34,3,3,15891
3394,No,Male,No,Sales,Travel_Rarely,Married,4,5301,2,1,2,30,16,8,2939
3395,No,Female,No,Research & Development,Travel_Frequently,Single,12,3673,12,9,8,42,9,1,16458
3396,No,Female,No,Sales,Travel_Frequently,Married,11,4768,1,0,0,44,1,7,9282
3397,No,Male,No,Research & Development,Non-Travel,Divorced,1,1274,1,0,0,30,7,1,7152
3398,No,Male,No,Research & Development,Travel_Rarely,Married,13,4900,12,9,8,57,1,0,2721
3399,No,Male,No,Research & Development,Travel_Rarely,Divorced,29,10466,8,7,7,49,7,3,20948
3400,No,Male,No,Research & Development,Travel_Frequently,Divorced,16,17007,14,8,9,34,15,7,11929
3401,Yes,Male,No,Sales,Travel_Frequently,Married,5,2909,3,2,2,28,1,3,15747
3402,Yes,Female,No,Sales,Travel_Frequently,Single,7,5765,5,3,0,29,13,5,17485
3403,Yes,Female,Yes,Sales,Travel_Rarely,Single,16,4599,15,9,10,34,24,0,7815
3404,No,Male,No,Sales,Travel_Rarely,Married,1,2404,1,0,0,35,7,1,16192
3405,Yes,Male,Yes,Research & Development,Travel_Frequently,Single,4,3172,0,0,0,24,9,2,16998
3406,No,Female,No,Sales,Non-Travel,Married,1,2033,1,0,0,24,13,1,7103
3407,No,Male,Yes,Research & Development,Travel_Frequently,Single,16,10209,2,2,2,44,2,5,19719
3408,No,Male,No,Sales,Travel_Rarely,Divorced,10,8620,10,7,4,29,19,1,23757
3409,No,Male,No,Human Resources,Travel_Rarely,Divorced,6,2064,5,3,3,30,1,0,15428
3410,No,Male,Yes,Research & Development,Travel_Rarely,Married,4,4035,3,2,2,55,4,0,16143
3411,No,Female,No,Research & Development,Travel_Rarely,Married,8,3838,5,4,2,33,4,8,8192
3412,No,Female,Yes,Sales,Travel_Rarely,Married,11,4591,5,4,2,47,14,3,24200
3413,Yes,Male,No,Research & Development,Travel_Frequently,Single,8,2561,0,0,0,28,2,7,5355
3414,No,Male,No,Research & Development,Travel_Rarely,Divorced,1,1563,1,0,0,28,1,1,12530
3415,No,Male,No,Sales,Travel_Frequently,Single,5,4898,4,2,3,28,7,0,11827
3416,No,Female,No,Research & Development,Travel_Rarely,Married,10,4789,3,2,2,49,3,4,23070
3417,No,Female,No,Research & Development,Travel_Frequently,Married,4,3180,3,2,2,29,2,0,4668
3418,No,Male,No,Research & Development,Travel_Rarely,Married,8,6549,8,6,7,28,29,1,3173
3419,No,Male,Yes,Research & Development,Travel_Rarely,Single,14,6388,0,0,0,33,8,2,22049
3420,No,Male,No,Research & Development,Travel_Rarely,Single,10,11244,5,2,0,32,10,2,21072
3421,No,Female,No,Research & Development,Travel_Frequently,Divorced,26,16032,14,9,12,54,11,3,24456
3422,Yes,Male,No,Research & Development,Travel_Rarely,Single,11,2362,9,7,7,29,1,6,7568
3423,No,Male,No,Research & Development,Travel_Rarely,Married,24,16328,20,6,17,44,28,3,22074
3424,No,Female,No,Research & Development,Travel_Rarely,Single,9,8376,2,0,2,39,6,4,9150
3425,No,Female,No,Sales,Travel_Rarely,Married,23,16606,13,12,1,46,3,8,11380
3426,No,Female,No,Research & Development,Travel_Rarely,Single,11,8606,11,8,3,35,16,1,21195
3427,No,Male,No,Research & Development,Travel_Rarely,Single,5,2272,4,3,2,23,20,0,24812
3428,Yes,Male,No,Research & Development,Travel_Rarely,Single,15,2018,5,4,0,40,9,3,21831
3429,No,Male,Yes,Sales,Travel_Rarely,Married,10,7083,10,9,6,34,1,1,12288
3430,Yes,Female,No,Research & Development,Travel_Frequently,Single,7,4084,7,2,7,31,3,1,4156
3431,No,Male,Yes,Research & Development,Travel_Frequently,Single,32,14411,32,6,9,50,22,1,24450
3432,No,Male,Yes,Sales,Travel_Rarely,Married,12,2308,11,10,7,34,7,0,4944
3433,No,Male,No,Research & Development,Travel_Rarely,Married,4,4841,1,0,0,42,2,4,24052
3434,No,Male,No,Research & Development,Travel_Rarely,Married,10,4285,10,8,7,37,13,1,3031
3435,No,Female,No,Research & Development,Travel_Rarely,Married,9,9715,7,7,7,29,8,3,7288
3436,No,Male,No,Research & Development,Travel_Rarely,Single,5,4320,5,3,2,33,25,1,24152
3437,No,Male,No,Research & Development,Travel_Rarely,Married,8,2132,5,4,3,45,28,4,4585
3438,No,Male,Yes,Research & Development,Travel_Frequently,Married,24,10124,20,8,9,42,2,2,18611
3439,No,Male,No,Sales,Travel_Rarely,Married,9,5473,8,4,1,40,9,0,19345
3440,No,Male,Yes,Research & Development,Travel_Rarely,Married,15,5207,15,14,7,33,28,1,22949
3441,No,Male,Yes,Human Resources,Travel_Rarely,Single,21,16437,21,7,7,40,6,1,17381
3442,No,Male,No,Research & Development,Travel_Rarely,Divorced,2,2296,1,1,0,24,21,0,10036
3443,No,Male,Yes,Research & Development,Non-Travel,Divorced,8,4069,2,2,2,40,8,3,8841
3444,No,Male,No,Research & Development,Travel_Rarely,Divorced,10,7441,10,8,7,45,1,1,20933
3445,No,Female,No,Sales,Travel_Rarely,Married,6,2430,5,3,2,35,28,0,26204
3446,No,Female,No,Research & Development,Travel_Rarely,Married,12,5878,7,1,5,32,5,3,15624
3447,No,Male,Yes,Sales,Travel_Rarely,Single,7,2644,3,2,2,36,2,3,17001
3448,No,Female,No,Sales,Travel_Rarely,Divorced,18,6439,8,7,7,48,16,8,13693
3449,No,Male,No,Research & Development,Travel_Rarely,Married,5,2451,1,0,0,29,9,6,22376
3450,No,Male,No,Sales,Travel_Rarely,Married,8,6392,2,2,2,33,8,2,10589
3451,Yes,Male,No,Sales,Travel_Rarely,Married,10,9714,10,8,7,30,1,1,5323
3452,No,Male,No,Human Resources,Travel_Frequently,Married,10,6077,6,3,2,38,10,3,14814
3453,No,Male,No,Research & Development,Travel_Rarely,Single,3,2450,3,0,2,35,1,1,21731
3454,No,Male,No,Sales,Travel_Rarely,Married,9,9250,4,2,3,30,29,3,17799
3455,Yes,Female,Yes,Research & Development,Travel_Rarely,Divorced,1,2074,1,0,0,35,2,1,26619
3456,Yes,Female,No,Research & Development,Travel_Rarely,Married,34,10169,33,7,9,53,2,0,14618
3457,Yes,Male,No,Research & Development,Travel_Rarely,Married,7,4855,5,2,4,38,2,4,7653
3458,No,Male,No,Research & Development,Non-Travel,Married,9,4087,6,5,2,32,1,4,25174
3459,No,Female,No,Research & Development,Travel_Rarely,Married,10,2367,8,2,6,48,15,8,16530
3460,No,Male,No,Research & Development,Travel_Rarely,Single,1,2972,1,0,0,34,7,1,22061
3461,No,Male,No,Sales,Travel_Rarely,Married,36,19586,36,6,13,55,26,1,23037
3462,No,Male,No,Research & Development,Travel_Rarely,Married,9,5484,2,2,1,34,1,9,13008
3463,No,Female,No,Research & Development,Travel_Rarely,Married,1,2061,1,0,0,26,3,1,11133
3464,No,Male,No,Sales,Travel_Rarely,Married,10,9924,9,8,7,38,14,0,12355
3465,No,Female,No,Sales,Travel_Rarely,Single,8,4198,3,2,2,38,16,2,16379
3466,No,Female,No,Sales,Travel_Rarely,Single,15,6815,1,0,0,36,1,6,21447
3467,No,Male,Yes,Research & Development,Travel_Rarely,Single,10,4723,10,9,5,29,3,1,16213
3468,No,Female,Yes,Research & Development,Travel_Rarely,Single,10,6142,5,2,4,35,10,3,4223
3469,No,Male,No,Sales,Travel_Rarely,Married,11,8237,7,6,6,39,6,2,4658
3470,No,Male,No,Research & Development,Travel_Frequently,Divorced,6,8853,6,4,3,29,2,1,24483
3471,No,Male,Yes,Sales,Travel_Rarely,Married,27,19331,1,0,0,50,9,4,19519
3472,No,Male,No,Research & Development,Travel_Rarely,Married,4,2073,2,2,2,23,10,2,12826
3473,No,Male,Yes,Research & Development,Travel_Frequently,Married,9,5562,3,2,2,36,6,3,19711
3474,No,Male,No,Research & Development,Travel_Rarely,Single,24,19613,1,0,1,42,9,8,26362
3475,No,Male,No,Research & Development,Travel_Rarely,Married,10,3407,10,9,8,35,28,1,25348
3476,No,Male,No,Research & Development,Travel_Frequently,Married,8,5063,8,2,7,34,10,1,15332
3477,No,Female,No,Sales,Travel_Rarely,Married,5,4639,5,4,2,40,14,1,11262
3478,No,Male,No,Research & Development,Travel_Rarely,Divorced,8,4876,6,4,2,43,27,5,5855
3479,No,Male,No,Research & Development,Travel_Rarely,Married,1,2690,1,0,1,35,7,1,7713
3480,No,Male,No,Sales,Travel_Rarely,Single,27,17567,26,0,12,46,1,1,3156
3481,Yes,Male,Yes,Research & Development,Travel_Rarely,Married,1,2408,1,1,0,28,24,1,7324
3482,No,Female,Yes,Research & Development,Non-Travel,Married,4,2814,4,2,3,22,26,1,10293
3483,No,Male,Yes,Research & Development,Travel_Frequently,Married,32,11245,30,8,13,50,20,2,20689
3484,No,Female,No,Research & Development,Travel_Rarely,Married,6,3312,3,2,2,32,5,3,18783
3485,No,Female,Yes,Research & Development,Travel_Rarely,Divorced,23,19049,22,7,10,44,7,0,3549
3486,No,Male,No,Research & Development,Travel_Rarely,Married,6,2141,6,4,1,30,7,1,5348
3487,No,Female,Yes,Research & Development,Travel_Rarely,Single,10,5769,10,7,4,45,5,1,23447
3488,No,Male,No,Sales,Non-Travel,Married,10,4385,10,7,5,45,26,1,24162
3489,No,Male,No,Sales,Travel_Frequently,Single,10,5332,5,2,3,31,2,7,21602
3490,No,Female,Yes,Research & Development,Travel_Rarely,Married,7,4663,3,2,1,36,12,9,12421
3491,No,Male,No,Research & Development,Travel_Frequently,Divorced,9,4724,9,7,2,34,10,1,17000
3492,No,Female,No,Research & Development,Travel_Rarely,Married,10,3211,9,6,4,49,25,1,22102
3493,No,Male,No,Research & Development,Travel_Rarely,Married,10,5377,7,7,7,39,10,2,3835
3494,No,Male,No,Research & Development,Travel_Rarely,Divorced,7,4066,7,7,7,27,19,1,16290
3495,No,Male,No,Research & Development,Travel_Rarely,Married,16,5208,16,15,10,35,18,1,26312
3496,No,Female,No,Research & Development,Travel_Rarely,Divorced,6,4877,5,3,0,28,27,0,20460
3497,No,Male,No,Research & Development,Travel_Rarely,Single,3,3117,2,2,2,21,5,1,26009
3498,Yes,Female,Yes,Sales,Travel_Frequently,Single,0,1569,0,0,0,18,3,1,18420
3499,No,Female,No,Human Resources,Travel_Rarely,Married,27,19658,5,2,0,47,26,3,5220
3500,No,Male,No,Research & Development,Travel_Rarely,Divorced,11,3069,10,8,7,39,3,0,10302
3501,No,Female,No,Research & Development,Travel_Rarely,Married,18,10435,18,15,12,40,15,1,25800
3502,No,Female,No,Research & Development,Non-Travel,Married,15,4148,14,11,9,35,8,1,12250
3503,No,Male,No,Research & Development,Travel_Rarely,Married,9,5768,4,3,2,37,19,3,26493
3504,No,Female,No,Research & Development,Travel_Frequently,Single,10,5042,9,2,8,39,4,0,3140
3505,No,Female,No,Research & Development,Travel_Rarely,Divorced,10,5770,10,7,9,45,2,1,5388
3506,No,Female,Yes,Research & Development,Travel_Rarely,Married,10,7756,5,4,2,38,2,3,14199
3507,Yes,Male,No,Sales,Travel_Rarely,Married,15,10306,13,12,0,35,10,9,21530
3508,No,Female,No,Research & Development,Travel_Rarely,Married,8,3936,8,4,7,37,10,1,9953
3509,No,Female,Yes,Research & Development,Travel_Rarely,Single,18,7945,4,2,3,40,16,6,19948
3510,No,Male,Yes,Human Resources,Travel_Frequently,Married,14,5743,10,7,2,44,1,4,10503
3511,No,Male,No,Research & Development,Travel_Frequently,Married,23,15202,2,2,2,48,4,2,5602
3512,Yes,Male,Yes,Sales,Travel_Rarely,Divorced,7,5440,2,2,2,35,15,6,22098
3513,No,Female,Yes,Research & Development,Travel_Frequently,Single,6,3760,6,3,3,24,2,1,17218
3514,No,Female,No,Research & Development,Travel_Rarely,Married,5,3517,3,2,2,27,8,7,22490
3515,No,Male,No,Research & Development,Travel_Frequently,Single,6,2580,4,2,2,27,2,2,6297
3516,Yes,Male,Yes,Research & Development,Travel_Rarely,Single,10,2166,4,2,3,40,7,3,3339
3517,No,Male,No,Sales,Travel_Rarely,Single,8,5869,5,2,4,29,10,9,23413
3518,No,Female,No,Research & Development,Travel_Rarely,Married,9,8008,3,2,2,36,5,4,22792
3519,No,Male,No,Research & Development,Travel_Frequently,Divorced,7,5206,7,7,7,25,2,1,4973
3520,No,Male,No,Research & Development,Travel_Rarely,Married,7,5295,5,4,0,39,12,4,7693
3521,No,Female,No,Research & Development,Travel_Rarely,Married,27,16413,4,2,2,49,22,3,3498
3522,No,Female,No,Research & Development,Travel_Rarely,Divorced,19,13269,14,11,11,50,17,5,21981
3523,No,Female,No,Sales,Travel_Rarely,Single,2,2783,2,2,2,20,2,1,13251
3524,No,Female,No,Research & Development,Travel_Rarely,Divorced,11,5433,11,8,9,34,3,1,19332
3525,No,Male,No,Research & Development,Travel_Rarely,Single,15,2013,4,3,3,36,7,2,10950
3526,No,Female,Yes,Research & Development,Travel_Rarely,Married,30,13966,15,11,12,49,6,2,11652
3527,No,Female,No,Research & Development,Non-Travel,Married,4,4374,3,2,2,36,1,0,15411
3528,No,Male,No,Research & Development,Travel_Rarely,Divorced,13,6842,5,4,4,36,3,6,26308
3529,No,Female,No,Research & Development,Travel_Rarely,Married,36,17426,10,8,7,54,22,3,18685
3530,No,Male,No,Research & Development,Travel_Rarely,Married,14,17603,14,10,11,43,15,1,3525
3531,Yes,Male,Yes,Sales,Travel_Frequently,Single,13,4581,11,9,7,35,12,3,10414
3532,No,Male,No,Research & Development,Travel_Frequently,Married,19,4735,13,11,9,38,1,7,9867
3533,No,Male,Yes,Sales,Travel_Rarely,Divorced,10,4187,10,0,9,29,5,1,3356
3534,No,Male,No,Sales,Travel_Rarely,Divorced,6,5505,6,2,4,33,2,1,3921
3535,No,Male,No,Research & Development,Travel_Rarely,Divorced,10,5470,9,5,6,32,2,0,25518
3536,No,Female,No,Sales,Travel_Rarely,Married,10,5476,10,0,2,31,5,1,22589
3537,No,Female,Yes,Research & Development,Travel_Rarely,Divorced,17,2587,2,2,2,49,16,4,24941
3538,No,Female,No,Research & Development,Travel_Frequently,Single,4,2440,4,3,3,38,2,1,23826
3539,No,Female,No,Sales,Travel_Rarely,Divorced,29,15972,3,2,2,47,2,6,21086
3540,No,Male,No,Research & Development,Travel_Rarely,Single,23,15379,8,7,0,49,1,4,22384
3541,No,Male,Yes,Sales,Travel_Rarely,Single,21,7082,2,0,2,41,23,3,11591
3542,No,Male,No,Sales,Travel_Rarely,Single,2,2728,2,2,2,20,9,1,21082
3543,No,Female,Yes,Sales,Non-Travel,Divorced,7,5368,6,5,2,33,16,1,16130
3544,No,Male,No,Research & Development,Travel_Rarely,Married,10,5347,3,2,2,36,26,6,7419
3545,No,Female,Yes,Human Resources,Travel_Rarely,Divorced,8,3195,2,2,2,44,1,4,4167
3546,Yes,Male,Yes,Research & Development,Travel_Rarely,Single,5,3989,5,4,2,23,8,1,20586
3547,No,Female,No,Research & Development,Travel_Rarely,Married,7,3306,0,0,0,38,4,7,26176
3548,No,Male,No,Research & Development,Travel_Rarely,Married,11,7005,4,3,2,53,24,3,3458
3549,Yes,Female,Yes,Sales,Travel_Frequently,Married,19,2655,9,7,7,48,7,2,11740
3550,Yes,Male,No,Research & Development,Travel_Rarely,Single,1,1393,1,0,0,32,2,1,24852
3551,No,Male,No,Research & Development,Non-Travel,Single,7,2570,7,7,7,26,7,1,11925
3552,No,Male,No,Research & Development,Travel_Rarely,Divorced,8,3537,4,2,2,55,22,5,23737
3553,No,Male,No,Research & Development,Travel_Rarely,Married,15,3986,15,10,13,34,5,1,11912
3554,No,Male,No,Research & Development,Travel_Rarely,Divorced,19,10883,1,0,0,60,1,3,20467
3555,No,Male,No,Research & Development,Travel_Rarely,Married,14,2028,14,11,13,33,21,1,13637
3556,No,Male,No,Sales,Travel_Frequently,Divorced,6,9525,6,3,3,37,1,1,7677
3557,No,Female,No,Research & Development,Travel_Rarely,Married,10,2929,10,9,7,34,19,1,20338
3558,Yes,Male,Yes,Sales,Travel_Rarely,Divorced,3,2275,3,2,2,23,7,1,25103
3559,No,Female,Yes,Research & Development,Travel_Rarely,Married,9,7879,8,7,7,44,2,1,14810
3560,No,Male,Yes,Research & Development,Travel_Frequently,Single,6,4930,5,4,4,35,2,0,13970
3561,No,Male,Yes,Sales,Travel_Rarely,Married,10,7847,10,9,8,43,2,1,6069
3562,No,Male,No,Research & Development,Travel_Rarely,Married,5,4401,5,3,4,24,9,1,17616
3563,No,Male,No,Sales,Travel_Rarely,Single,10,9241,10,8,7,41,6,1,15869
3564,No,Female,No,Research & Development,Travel_Rarely,Married,9,2974,5,3,2,29,9,9,25412
3565,No,Female,No,Sales,Travel_Rarely,Single,17,4502,13,7,7,36,2,3,7439
3566,No,Male,No,Research & Development,Non-Travel,Married,25,10748,23,15,4,45,1,3,3395
3567,Yes,Male,No,Human Resources,Travel_Rarely,Married,1,1555,1,0,0,24,22,1,11585
3568,Yes,Male,No,Sales,Travel_Frequently,Married,25,12936,23,5,10,47,9,7,24164
3569,No,Male,No,Research & Development,Travel_Rarely,Married,3,2305,3,2,2,26,17,1,6217
3570,No,Female,No,Research & Development,Travel_Rarely,Single,21,16704,21,6,6,45,28,1,17119
3571,No,Male,No,Research & Development,Travel_Frequently,Married,10,3433,5,2,3,32,10,6,17360
3572,No,Male,No,Research & Development,Travel_Rarely,Married,6,3477,5,2,3,31,2,1,18103
3573,No,Male,No,Human Resources,Non-Travel,Married,10,6430,3,2,2,41,4,6,20794
3574,No,Female,Yes,Research & Development,Travel_Rarely,Married,18,6516,1,0,0,40,8,2,5041
3575,No,Male,No,Research & Development,Travel_Rarely,Divorced,6,3907,6,2,2,24,29,1,3622
3576,No,Male,No,Research & Development,Travel_Rarely,Single,19,5562,10,7,9,46,13,6,9697
3577,No,Male,No,Research & Development,Travel_Rarely,Married,17,6883,7,7,7,35,27,2,5151
3578,No,Male,No,Research & Development,Travel_Rarely,Married,10,2862,10,0,8,30,16,1,3811
3579,No,Male,No,Sales,Non-Travel,Married,4,4978,1,0,0,47,2,7,3536
3580,No,Male,Yes,Sales,Travel_Rarely,Divorced,13,10368,10,6,3,46,2,4,5596
3581,Yes,Male,Yes,Sales,Travel_Rarely,Divorced,16,6134,2,2,2,36,13,5,8658
3582,Yes,Male,No,Sales,Travel_Rarely,Single,10,6735,0,0,0,32,1,6,12147
3583,No,Female,No,Research & Development,Travel_Rarely,Single,3,3295,3,2,2,23,4,1,12862
3584,No,Female,No,Research & Development,Travel_Frequently,Single,9,5238,5,4,4,31,24,2,6670
3585,No,Male,Yes,Research & Development,Non-Travel,Married,9,6472,9,8,8,39,1,1,8989
3586,No,Male,No,Sales,Travel_Rarely,Married,10,9610,4,3,2,32,19,3,3840
3587,No,Male,No,Sales,Travel_Rarely,Single,21,19833,21,8,8,40,7,1,4349
3588,No,Female,No,Human Resources,Travel_Rarely,Married,9,9756,5,0,3,45,4,4,6595
3589,No,Female,No,Research & Development,Travel_Frequently,Single,10,4968,9,7,7,30,2,0,26427
3590,No,Male,No,Human Resources,Travel_Frequently,Married,3,2145,2,2,1,24,10,0,2097
3591,Yes,Female,No,Human Resources,Travel_Frequently,Divorced,6,2180,4,2,2,30,8,6,9732
3592,No,Male,No,Sales,Travel_Rarely,Married,6,8346,5,2,2,31,5,1,20943
3593,No,Female,No,Research & Development,Travel_Rarely,Single,6,3445,6,2,4,27,8,1,6152
3594,Yes,Female,No,Sales,Travel_Rarely,Single,2,2760,2,2,2,29,9,1,14630
3595,No,Male,Yes,Research & Development,Travel_Frequently,Single,10,6294,3,2,2,29,1,8,23060
3596,No,Male,No,Sales,Travel_Rarely,Divorced,12,7140,7,7,7,30,15,2,3088
3597,No,Male,Yes,Research & Development,Travel_Rarely,Married,6,2932,5,0,2,34,2,0,5586
3598,No,Female,No,Sales,Non-Travel,Single,13,5147,11,7,7,33,2,8,10697
3599,No,Female,No,Sales,Travel_Rarely,Single,8,4507,5,1,4,49,11,3,8191
3600,Yes,Female,Yes,Sales,Travel_Rarely,Single,11,8564,0,0,0,33,16,2,10092
3601,No,Female,No,Research & Development,Travel_Frequently,Married,9,2468,6,1,5,38,2,4,15963
3602,Yes,Male,No,Sales,Travel_Rarely,Married,10,8161,1,0,0,31,16,2,19002
3603,No,Female,No,Research & Development,Travel_Rarely,Divorced,1,2109,1,0,0,29,4,1,10007
3604,No,Male,No,Research & Development,Travel_Rarely,Married,10,5294,7,0,7,30,16,3,9128
3605,No,Male,No,Research & Development,Non-Travel,Single,12,2718,7,7,7,32,5,2,17674
3606,No,Male,Yes,Research & Development,Travel_Rarely,Married,15,5811,1,0,0,38,18,3,24539
3607,Yes,Male,Yes,Research & Development,Travel_Frequently,Married,6,2437,1,0,0,43,17,9,15587
3608,No,Male,No,Research & Development,Travel_Rarely,Divorced,7,2766,5,3,4,42,12,8,8952
3609,No,Male,No,Research & Development,Travel_Rarely,Married,34,19038,1,0,0,55,2,8,19805
3610,No,Male,No,Research & Development,Non-Travel,Divorced,11,3055,9,8,7,33,4,5,6194
3611,No,Male,No,Research & Development,Travel_Rarely,Divorced,5,2289,5,3,4,41,9,1,20520
3612,No,Male,Yes,Sales,Non-Travel,Divorced,15,4001,15,14,7,34,10,1,12313
3613,No,Female,Yes,Research & Development,Non-Travel,Married,27,12965,3,2,2,53,1,4,22308
3614,No,Male,No,Human Resources,Travel_Rarely,Single,10,3539,9,7,8,43,2,0,5033
3615,No,Female,No,Sales,Travel_Rarely,Single,6,6029,2,2,2,34,3,5,25353
3616,Yes,Male,No,Sales,Travel_Rarely,Single,1,2679,1,0,0,21,7,1,4567
3617,No,Female,No,Research & Development,Travel_Rarely,Married,5,3702,5,4,4,38,6,1,16376
3618,Yes,Female,Yes,Research & Development,Travel_Rarely,Married,1,2398,1,0,0,22,8,1,15999
3619,No,Female,No,Sales,Travel_Rarely,Married,13,5468,12,7,7,31,29,1,13402
3620,No,Female,No,Research & Development,Travel_Rarely,Married,15,13116,2,2,2,51,3,2,22984
3621,No,Male,No,Sales,Travel_Rarely,Married,5,4189,5,2,3,37,9,1,8800
3622,No,Male,Yes,Research & Development,Travel_Rarely,Divorced,24,19328,2,1,2,46,2,7,14218
3623,No,Male,Yes,Research & Development,Travel_Rarely,Married,15,8321,12,8,7,36,10,7,25949
3624,Yes,Male,Yes,Research & Development,Travel_Frequently,Divorced,6,2342,5,3,3,44,1,1,11092
3625,No,Male,No,Human Resources,Travel_Rarely,Divorced,19,4071,10,0,7,37,8,2,12832
3626,Yes,Male,Yes,Sales,Travel_Rarely,Single,10,5813,10,7,7,35,27,1,13492
3627,No,Male,No,Research & Development,Travel_Rarely,Married,14,3143,10,8,6,33,8,6,6076
3628,No,Male,No,Research & Development,Travel_Rarely,Married,5,2044,5,3,3,28,1,1,5531
3629,No,Male,No,Research & Development,Travel_Rarely,Single,9,13464,4,3,2,39,10,7,7914
3630,No,Male,No,Sales,Non-Travel,Single,6,7991,2,2,2,46,26,8,25166
3631,No,Female,No,Research & Development,Travel_Rarely,Married,7,3377,4,3,2,40,2,4,25605
3632,No,Male,No,Research & Development,Travel_Rarely,Married,10,5538,0,0,0,42,13,5,5696
3633,No,Male,No,Research & Development,Non-Travel,Divorced,15,5762,7,7,7,35,2,2,24442
3634,No,Male,No,Human Resources,Non-Travel,Divorced,13,2592,11,10,8,38,2,5,7129
3635,Yes,Male,No,Research & Development,Travel_Frequently,Married,11,5346,7,1,7,34,9,4,6208
3636,Yes,Male,No,Research & Development,Travel_Rarely,Single,10,4213,10,3,8,37,10,1,4992
3637,No,Male,No,Sales,Travel_Frequently,Divorced,7,4127,2,1,2,39,20,2,19188
3638,No,Male,No,Research & Development,Non-Travel,Single,7,2438,3,2,2,43,9,4,24978
3639,No,Male,No,Research & Development,Travel_Rarely,Single,11,6870,3,2,2,41,5,3,15530
3640,No,Female,Yes,Sales,Travel_Rarely,Divorced,23,10447,22,14,5,41,4,0,26458
3641,No,Female,No,Research & Development,Travel_Rarely,Single,9,9667,7,7,2,30,10,9,2739
3642,Yes,Female,Yes,Human Resources,Travel_Rarely,Married,6,2148,5,1,4,26,20,0,6889
3643,Yes,Female,No,Research & Development,Travel_Rarely,Married,13,8926,9,7,7,46,21,4,10842
3644,No,Female,No,Research & Development,Travel_Rarely,Divorced,12,6513,5,3,3,40,1,4,9060
3645,No,Male,No,Sales,Travel_Rarely,Married,10,6799,10,8,8,34,8,1,22128
3646,No,Male,No,Sales,Non-Travel,Divorced,37,16291,16,9,14,58,2,4,22577
3647,No,Male,No,Research & Development,Travel_Rarely,Married,6,2705,5,4,3,35,23,0,9696
3648,No,Female,Yes,Research & Development,Travel_Rarely,Divorced,28,10333,22,11,10,47,4,8,19271
3649,No,Female,No,Research & Development,Travel_Rarely,Divorced,15,4448,7,4,7,40,12,2,10748
3650,No,Female,No,Research & Development,Travel_Rarely,Married,14,6854,7,1,7,54,7,4,15696
3651,No,Female,No,Sales,Travel_Frequently,Married,9,9637,3,2,2,31,7,2,8277
3652,No,Female,No,Research & Development,Travel_Rarely,Married,3,3591,3,2,2,28,1,1,12719
3653,No,Female,Yes,Sales,Travel_Rarely,Married,20,5405,4,2,3,38,2,2,4244
3654,No,Male,No,Sales,Travel_Rarely,Single,5,4684,5,3,2,26,10,1,9125
3655,No,Male,Yes,Research & Development,Travel_Frequently,Married,23,15787,2,2,2,58,15,2,21624
3656,No,Female,No,Research & Development,Non-Travel,Single,0,1514,0,0,0,18,14,1,8018
3657,Yes,Male,No,Human Resources,Travel_Rarely,Married,2,2956,1,0,0,31,18,0,21495
3658,Yes,Male,Yes,Human Resources,Travel_Rarely,Divorced,4,2335,2,2,0,29,13,4,3157
3659,No,Female,No,Sales,Non-Travel,Married,10,5154,8,7,7,45,2,4,19665
3660,No,Female,Yes,Research & Development,Travel_Rarely,Married,15,6962,1,0,0,36,2,4,19573
3661,No,Male,No,Sales,Travel_Frequently,Married,7,5675,7,7,7,43,2,1,19246
3662,No,Female,Yes,Research & Development,Travel_Frequently,Single,6,2379,5,4,2,27,5,0,19826
3663,No,Male,No,Research & Development,Travel_Frequently,Married,11,3812,11,8,10,29,20,1,7003
3664,No,Male,No,Sales,Travel_Frequently,Single,4,4648,0,0,0,32,10,8,26075
3665,No,Male,No,Research & Development,Non-Travel,Married,10,2936,6,3,3,42,10,3,6161
3666,No,Female,No,Research & Development,Travel_Rarely,Single,7,2105,2,2,0,47,9,4,5411
3667,No,Male,No,Research & Development,Travel_Rarely,Divorced,12,8578,9,8,7,46,2,3,19989
3668,No,Male,No,Human Resources,Non-Travel,Divorced,3,2706,3,2,2,28,1,1,10494
3669,No,Male,No,Research & Development,Travel_Rarely,Divorced,11,6384,7,0,6,29,29,8,21143
3670,No,Male,No,Research & Development,Travel_Rarely,Single,8,3968,0,0,0,42,8,4,13624
3671,Yes,Male,Yes,Sales,Travel_Rarely,Single,7,9907,2,2,2,32,2,7,26186
3672,No,Female,No,Sales,Travel_Rarely,Divorced,25,13225,19,17,8,46,3,2,7739
3673,No,Female,No,Sales,Travel_Rarely,Married,9,3540,9,8,8,27,23,1,7018
3674,No,Male,No,Human Resources,Travel_Rarely,Married,1,2804,1,0,0,29,6,1,15434
3675,No,Female,No,Research & Development,Travel_Rarely,Married,21,19392,16,12,14,43,6,7,22539
3676,No,Male,No,Research & Development,Travel_Rarely,Married,29,19665,22,10,9,48,10,4,13583
3677,Yes,Male,Yes,Research & Development,Travel_Frequently,Single,1,2439,1,0,0,29,24,1,14753
3678,Yes,Female,No,Sales,Travel_Rarely,Married,14,7314,8,7,7,46,10,5,14011
3679,No,Female,No,Research & Development,Travel_Frequently,Married,8,4774,7,6,3,27,15,0,23844
3680,No,Male,No,Research & Development,Travel_Rarely,Divorced,7,3902,2,2,2,39,19,8,5141
3681,No,Male,No,Research & Development,Travel_Rarely,Married,19,2662,5,2,4,55,2,8,7975
3682,No,Female,No,Sales,Travel_Rarely,Married,1,2856,1,0,0,28,3,1,3692
3683,Yes,Male,No,Sales,Travel_Rarely,Single,1,1081,1,0,0,30,9,1,16019
3684,Yes,Male,Yes,Research & Development,Travel_Rarely,Single,1,2472,1,0,0,22,7,1,26092
3685,No,Female,Yes,Sales,Travel_Rarely,Married,10,5673,10,9,7,36,10,1,6060
3686,No,Male,No,Research & Development,Travel_Rarely,Divorced,10,4197,10,8,2,31,20,1,18624
3687,No,Male,Yes,Sales,Travel_Rarely,Married,9,9713,5,3,0,34,4,2,24444
3688,No,Male,No,Research & Development,Travel_Rarely,Single,11,2062,3,2,2,29,7,3,19384
3689,No,Male,Yes,Research & Development,Travel_Rarely,Married,16,4284,5,3,4,37,7,5,13588
3690,No,Female,Yes,Research & Development,Travel_Rarely,Married,4,4788,3,2,2,35,16,0,25388
3691,No,Female,No,Research & Development,Travel_Rarely,Married,10,5906,9,8,8,45,25,0,23888
3692,No,Male,No,Human Resources,Travel_Frequently,Single,10,3886,10,1,8,36,2,1,4223
3693,No,Male,No,Research & Development,Travel_Rarely,Divorced,22,16823,19,7,16,40,1,2,18991
3694,No,Female,Yes,Research & Development,Travel_Rarely,Married,1,2933,1,0,0,26,1,1,14908
3695,No,Female,No,Sales,Travel_Rarely,Single,9,6500,8,7,7,27,2,0,26997
3696,No,Female,No,Research & Development,Travel_Frequently,Divorced,24,17174,22,17,7,48,22,3,2437
3697,No,Male,No,Research & Development,Travel_Rarely,Married,10,5033,2,0,2,44,1,2,9364
3698,Yes,Male,Yes,Research & Development,Non-Travel,Married,5,2307,5,2,0,34,16,1,14460
3699,Yes,Male,No,Research & Development,Travel_Rarely,Single,5,2587,4,2,0,56,24,1,10261
3700,No,Male,No,Sales,Travel_Rarely,Married,12,5507,4,2,3,36,17,2,16822
3701,No,Female,No,Sales,Travel_Rarely,Married,14,4393,5,4,4,41,8,5,26841
3702,No,Male,No,Research & Development,Travel_Rarely,Married,18,13348,13,7,7,42,6,9,14842
3703,No,Female,Yes,Sales,Travel_Rarely,Divorced,8,6583,5,2,4,31,10,2,20115
3704,No,Female,Yes,Sales,Travel_Rarely,Married,9,8103,4,2,1,34,3,3,16495
3705,No,Female,No,Research & Development,Travel_Rarely,Divorced,4,3978,2,2,2,31,4,8,16031
3706,No,Male,No,Research & Development,Travel_Frequently,Married,8,2544,7,7,7,26,6,0,7102
3707,No,Male,No,Research & Development,Travel_Frequently,Single,12,5399,4,2,3,45,1,4,14511
3708,No,Male,No,Sales,Travel_Rarely,Single,10,5487,10,4,9,33,10,1,10410
3709,No,Male,Yes,Sales,Travel_Frequently,Married,7,6834,7,7,7,28,1,1,19255
3710,Yes,Male,No,Sales,Travel_Frequently,Single,1,1091,1,0,0,29,24,1,10642
3711,No,Female,No,Sales,Non-Travel,Married,10,5736,3,2,2,39,21,6,3987
3712,No,Male,No,Research & Development,Travel_Rarely,Married,6,2226,5,3,2,27,2,1,6073
3713,No,Male,Yes,Research & Development,Travel_Frequently,Married,16,5747,15,10,11,34,22,1,26496
3714,Yes,Female,Yes,Sales,Travel_Rarely,Single,6,9854,2,0,2,28,13,3,23352
3715,No,Male,No,Research & Development,Non-Travel,Married,16,5467,8,7,7,47,14,8,2125
3716,No,Female,No,Sales,Travel_Rarely,Married,6,5380,0,0,0,56,11,4,20328
3717,No,Male,No,Research & Development,Travel_Rarely,Married,10,5151,10,0,9,39,9,1,12315
3718,No,Female,Yes,Research & Development,Travel_Frequently,Divorced,20,2133,20,11,7,38,8,1,18115
3719,No,Female,Yes,Sales,Travel_Rarely,Married,29,17875,1,0,0,58,21,4,11761
3720,Yes,Female,Yes,Research & Development,Travel_Frequently,Single,8,2432,4,1,3,32,5,3,15318
3721,No,Male,No,Research & Development,Travel_Rarely,Divorced,10,4771,5,2,3,38,9,2,14293
3722,No,Male,No,Research & Development,Travel_Frequently,Married,28,19161,5,4,3,49,2,3,13738
3723,No,Male,Yes,Sales,Travel_Rarely,Divorced,14,5087,0,0,0,42,12,3,2900
3724,Yes,Female,No,Human Resources,Travel_Frequently,Married,1,2863,1,0,0,27,22,1,19555
3725,No,Male,No,Sales,Travel_Rarely,Married,6,5561,5,3,4,35,18,0,15975
3726,No,Male,No,Research & Development,Non-Travel,Single,5,2144,5,3,4,28,16,1,2122
3727,No,Male,Yes,Research & Development,Non-Travel,Divorced,4,3065,4,2,3,31,3,1,3995
3728,No,Male,No,Research & Development,Non-Travel,Married,5,2810,5,4,2,36,9,1,9238
3729,No,Male,No,Sales,Travel_Rarely,Single,14,9888,14,8,1,34,1,1,6770
3730,No,Male,No,Sales,Travel_Rarely,Divorced,9,8628,8,7,1,34,13,1,22914
3731,No,Male,No,Research & Development,Travel_Rarely,Single,8,2867,7,7,6,26,1,0,20006
3732,No,Male,No,Research & Development,Travel_Rarely,Married,6,5373,5,3,2,29,1,0,6225
3733,No,Female,No,Research & Development,Non-Travel,Divorced,9,6667,5,1,2,32,15,5,16542
3734,No,Male,No,Research & Development,Travel_Frequently,Married,10,5003,10,8,7,31,1,1,5771
3735,Yes,Male,No,Research & Development,Travel_Rarely,Divorced,6,2367,4,1,3,28,17,5,18779
3736,No,Male,No,Sales,Travel_Rarely,Single,20,2858,1,0,0,38,1,4,11473
3737,No,Female,Yes,Sales,Travel_Rarely,Married,10,5204,10,8,9,35,7,1,13586
3738,No,Male,No,Sales,Travel_Rarely,Single,7,4105,7,7,7,27,9,1,5099
3739,No,Male,No,Research & Development,Travel_Rarely,Single,8,9679,1,0,0,32,5,8,10138
3740,Yes,Male,Yes,Sales,Travel_Frequently,Married,10,5617,10,7,8,31,26,1,21075
3741,Yes,Male,Yes,Sales,Travel_Rarely,Single,15,10448,2,2,2,53,24,6,5843
3742,No,Female,No,Research & Development,Travel_Rarely,Married,9,2897,4,3,3,54,9,3,22474
3743,No,Male,No,Research & Development,Travel_Frequently,Divorced,9,5968,9,7,8,33,7,1,18079
3744,No,Male,No,Research & Development,Travel_Rarely,Married,10,7510,10,9,9,43,11,1,16873
3745,No,Male,Yes,Human Resources,Travel_Frequently,Married,7,2991,6,2,2,38,1,0,5224
3746,No,Male,Yes,Human Resources,Travel_Rarely,Married,35,19636,10,9,4,55,26,4,25811
3747,No,Female,Yes,Research & Development,Travel_Rarely,Divorced,1,1129,1,0,0,31,2,1,17536
3748,No,Male,No,Sales,Travel_Rarely,Single,21,13341,20,8,10,39,15,0,25098
3749,No,Male,No,Research & Development,Non-Travel,Single,20,4332,20,9,7,42,23,1,14811
3750,No,Female,No,Research & Development,Non-Travel,Married,13,11031,11,7,8,31,10,4,26862
3751,No,Female,Yes,Research & Development,Travel_Rarely,Single,9,4440,5,2,4,54,10,6,25198
3752,No,Male,No,Research & Development,Travel_Rarely,Single,4,4617,4,3,2,24,1,1,14120
3753,No,Male,No,Research & Development,Travel_Rarely,Single,5,2647,5,2,4,23,12,1,13672
3754,No,Female,No,Research & Development,Travel_Frequently,Married,10,6323,10,9,4,40,11,1,26849
3755,No,Female,No,Sales,Travel_Rarely,Married,15,5677,11,8,10,40,2,3,4258
3756,No,Female,No,Human Resources,Travel_Rarely,Married,6,2187,2,0,2,25,2,4,19655
3757,No,Male,No,Research & Development,Travel_Rarely,Married,12,3748,12,8,7,30,1,1,4077
3758,No,Male,Yes,Research & Development,Travel_Rarely,Divorced,7,3977,2,2,2,25,2,6,7298
3759,No,Male,No,Research & Development,Travel_Rarely,Single,25,8633,17,14,11,47,25,2,13084
3760,No,Male,No,Research & Development,Non-Travel,Divorced,1,2008,1,1,0,33,1,1,20439
3761,No,Male,No,Sales,Travel_Rarely,Married,16,4440,15,13,8,38,1,0,7636
3762,No,Male,No,Sales,Travel_Rarely,Married,3,3067,2,2,2,31,2,0,6393
3763,No,Male,No,Research & Development,Travel_Frequently,Married,10,5321,8,3,7,38,6,2,14284
3764,No,Male,Yes,Research & Development,Travel_Rarely,Divorced,9,5410,4,3,2,42,18,6,11189
3765,No,Male,No,Research & Development,Travel_Rarely,Married,12,2782,5,3,0,41,1,3,21412
3766,No,Female,No,Research & Development,Non-Travel,Married,14,11957,13,8,12,47,1,0,17231
3767,No,Male,Yes,Research & Development,Travel_Rarely,Married,5,2660,2,2,2,35,11,7,20232
3768,No,Male,No,Research & Development,Travel_Rarely,Single,4,3375,3,2,2,22,1,0,17624
3769,No,Male,No,Research & Development,Travel_Rarely,Single,10,5098,10,7,8,35,9,1,18698
3770,No,Female,Yes,Research & Development,Travel_Rarely,Married,10,4878,9,7,1,33,15,0,21653
3771,No,Female,No,Research & Development,Travel_Rarely,Single,6,2837,6,2,1,32,29,1,15919
3772,No,Male,No,Research & Development,Travel_Rarely,Married,8,2406,1,0,0,40,1,8,4060
3773,No,Male,No,Sales,Travel_Rarely,Married,3,2269,2,2,2,32,1,0,18024
3774,No,Male,No,Research & Development,Travel_Rarely,Single,18,4108,7,7,7,39,24,7,5340
3775,No,Female,No,Research & Development,Travel_Rarely,Married,20,13206,18,16,11,38,10,3,3376
3776,No,Female,No,Sales,Travel_Rarely,Married,14,10422,14,10,7,32,1,1,24032
3777,No,Female,Yes,Research & Development,Travel_Rarely,Married,16,13744,16,11,8,37,10,1,15471
3778,No,Female,Yes,Sales,Travel_Rarely,Divorced,6,4907,5,3,4,25,8,0,13684
3779,No,Male,No,Sales,Non-Travel,Divorced,16,3482,9,8,0,52,29,2,19788
3780,No,Male,Yes,Research & Development,Travel_Rarely,Single,6,2436,4,3,2,44,1,6,13422
3781,No,Male,Yes,Sales,Travel_Rarely,Single,2,2380,2,2,2,21,5,1,25479
3782,No,Male,No,Research & Development,Non-Travel,Single,21,19431,6,0,3,39,9,2,15302
3783,Yes,Male,No,Sales,Travel_Frequently,Married,1,1790,1,0,0,23,9,1,26956
3784,No,Female,No,Sales,Travel_Rarely,Married,10,7644,9,7,4,36,3,0,12695
3785,No,Female,No,Research & Development,Travel_Frequently,Divorced,18,5131,4,2,2,36,4,7,9192
3786,No,Male,No,Research & Development,Non-Travel,Divorced,13,6306,13,12,9,56,1,1,26236
3787,Yes,Male,Yes,Research & Development,Travel_Rarely,Married,4,4787,2,2,2,29,1,9,26124
3788,No,Male,No,Research & Development,Travel_Rarely,Married,24,18880,22,6,14,42,2,5,17312
3789,Yes,Male,No,Research & Development,Travel_Rarely,Married,14,2339,10,9,8,56,7,8,3666
3790,No,Female,No,Research & Development,Travel_Rarely,Married,21,13570,20,7,10,41,28,0,5640
3791,No,Female,No,Sales,Travel_Rarely,Married,8,6712,8,7,7,34,28,1,8978
3792,No,Male,No,Sales,Non-Travel,Divorced,15,5406,15,12,11,36,15,1,10436
3793,No,Male,No,Sales,Travel_Rarely,Divorced,14,8938,5,4,4,41,3,2,12227
3794,No,Male,No,Research & Development,Travel_Rarely,Single,4,2439,4,2,2,32,2,1,11288
3795,No,Female,Yes,Human Resources,Travel_Rarely,Single,9,8837,9,0,7,35,26,1,16642
3796,No,Female,No,Sales,Travel_Rarely,Married,10,5343,10,7,9,38,10,1,5982
3797,Yes,Male,No,Sales,Travel_Frequently,Divorced,12,6728,6,3,1,50,1,7,14255
3798,No,Female,No,Sales,Travel_Rarely,Married,8,6652,6,3,0,36,11,4,14369
3799,No,Female,No,Sales,Travel_Rarely,Single,8,4850,5,3,1,45,20,8,23333
3800,No,Male,No,Research & Development,Travel_Rarely,Single,8,2809,2,2,2,40,2,2,2725
3801,No,Male,Yes,Research & Development,Travel_Frequently,Married,10,5689,10,2,2,35,18,1,24594
3802,No,Female,No,Research & Development,Travel_Rarely,Married,20,2001,5,3,2,40,2,2,12549
3803,No,Female,No,Research & Development,Travel_Rarely,Married,4,2977,4,3,1,35,1,1,8952
3804,No,Male,Yes,Research & Development,Travel_Rarely,Married,10,4025,4,3,3,29,13,4,23679
3805,No,Female,No,Research & Development,Travel_Rarely,Single,5,3785,5,4,4,29,28,1,8489
3806,Yes,Male,Yes,Sales,Travel_Rarely,Divorced,20,10854,3,2,0,50,28,4,16586
3807,No,Female,No,Sales,Travel_Rarely,Married,21,12031,20,9,6,39,24,0,8828
3808,No,Male,No,Research & Development,Non-Travel,Single,10,9936,9,4,7,31,5,0,3787
3809,No,Female,No,Sales,Travel_Rarely,Single,5,2966,4,2,0,26,5,0,21378
3810,No,Male,No,Research & Development,Travel_Frequently,Married,17,2571,5,2,3,36,23,4,12290
3811,No,Male,No,Research & Development,Travel_Rarely,Married,9,9991,7,7,7,39,6,4,21457
3812,No,Male,Yes,Research & Development,Travel_Rarely,Married,6,6142,6,2,3,27,4,1,5174
3813,No,Male,No,Sales,Travel_Frequently,Married,17,5390,9,6,8,49,2,2,13243
3814,No,Male,No,Research & Development,Travel_Rarely,Married,6,4404,4,3,2,34,8,2,10228
